,Site ID,Local ID,Reg. ID,DTW (ft),WL Elev (ft amsl),WL Date,Data Type,Well Depth (ft),Case Dia (in),Water Use,Drill Date,latitude,longitude
FALSE,3.51554E+14,B-22-16 28BDA,612659,,,,AUTOMATED,1000,10.75,UNUSED,6/1/1963,35.264714,113.985261
FALSE,3.52518E+14,B-24-14 33ADA,,,,,AUTOMATED,623,16,UNUSED,1/1/1944,35.423922,113.76375
FALSE,3.52555E+14,B-24-14 28CAD,624981,550.8,2802.85,2/5/2025,AUTOMATED,705,16,UNUSED,1/1/1943,35.432994,113.771925
FALSE,3.54551E+14,B-28-17 31CCC2,208802,661.37,2343.5,5/30/2024,AUTOMATED,714,16,UNUSED,12/8/2005,35.764094,114.1485
FALSE,3.54238E+14,B-27-17 23CAC,640651,365.9,2399.1,10/23/2024,INDEX,800,20,UNUSED,5/1/1973,35.710722,114.071944
FALSE,3.5413E+14,B-27-16 33BAA,800970,349.1,2444.9,10/19/2022,INDEX,500,8,STOCK,1/1/1963,35.691,113.998306
FALSE,3.51225E+14,B-21-15 17BAD,534901,403,3582,2/13/2018,INDEX,615,6.62,DOMESTIC,4/11/1992,35.207083,113.897806
FALSE,3.5361E+14,B-26-17 35AAA,600500,274.8,2493.2,3/19/2025,INDEX,700,14,UNUSED,6/1/1957,35.6035,114.060917
FALSE,3.54552E+14,B-28-17 31CCC1,805894,658.2,2351.8,10/23/2024,INDEX,800,,UNUSED,,35.764056,114.148833
FALSE,3.55428E+14,B-29-18 13BBA,208804,372.5,1952.5,10/26/2011,INDEX,1010,8.62,UNUSED,8/7/2006,35.907722,114.171083
FALSE,3.52052E+14,B-23-15 30CBB,606421,379.6,2773.4,5/3/2022,INDEX,1000,20,UNUSED,6/15/1973,35.347972,113.921722
FALSE,3.524E+14,B-23-15 04DDD,624997,450.4,2721.6,10/24/2024,INDEX,805,16,PUBLIC SUPPLY,9/25/1972,35.400249,113.870391
FALSE,3.52108E+14,B-23-15 25BBC,,956.8,2833.2,3/19/2025,INDEX,1015,7,UNUSED,2/2/1991,35.351836,113.833697
FALSE,3.52527E+14,B-24-15 32BCA,604195,522.9,2499.1,3/23/2023,INDEX,677,10,UNUSED,4/19/1974,35.424278,113.901107
FALSE,3.5254E+14,B-24-15 33BBB,624990,522.1,2496.9,10/24/2024,INDEX,1100,16,UNUSED,2/1/1973,35.427639,113.886778
FALSE,3.52951E+14,B-24-15 01BAC,575024,623.4,2511.6,10/24/2024,INDEX,900,6.62,DOMESTIC,8/31/1999,35.497472,113.8275
FALSE,3.5291E+14,B-24-16 01DDD1,619553,463,2498,10/24/2024,INDEX,700,20,UNUSED,1/1/1963,35.486331,113.92247
FALSE,3.53103E+14,B-25-15 29CCC,606907,442.5,2499.5,3/20/2025,INDEX,,8,UNUSED,,35.51725,113.917333
FALSE,3.54036E+14,B-26-18 03AAA1,641124,558.1,2741.9,10/23/2024,INDEX,700,6.62,DOMESTIC,7/14/1979,35.676389,114.185
FALSE,3.517E+14,B-22-16 E19BAA,612658,757.2,2687,12/17/2024,INDEX,1000,16,PUBLIC SUPPLY,1/1/1965,35.282861,114.019889
FALSE,3.52816E+14,B-24-16 16AAA,908213,453.1,2483.9,3/19/2025,INDEX,550,8,UNUSED,12/21/2007,35.471222,113.975833
FALSE,3.51436E+14,B-22-15 33DBD,604197,1079.1,2605.9,10/24/2024,INDEX,1235,8,STOCK,1/1/1965,35.244028,113.874556
FALSE,3.54734E+14,B-28-18 25BAA,212227,614.7,2313.3,3/19/2025,INDEX,1100,8.62,UNUSED,10/23/2006,35.792639,114.159278
FALSE,3.53549E+14,B-26-17 33CBB,223728,501.3,2495.7,3/19/2025,INDEX,760,20,UNUSED,1/27/2015,35.596889,114.113278
FALSE,3.53105E+14,B-25-16 30CDA,809833,449.3,2495.7,10/23/2024,INDEX,600,10,STOCK,10/11/1961,35.519306,114.034556
FALSE,3.55231E+14,B-29-18 25BCA,212231,411.7,2108.3,10/23/2024,INDEX,1199,8.62,PUBLIC SUPPLY,7/24/2006,35.875389,114.171194
FALSE,3.51907E+14,B-22-16 03CBB,805941,602.8,2718.2,3/19/2025,INDEX,970,20,UNUSED,11/15/1973,35.319026,113.973833
FALSE,3.52624E+14,B-24-16 26ABD,585814,537.6,2488.4,10/23/2024,INDEX,705,8.62,UNUSED,3/15/2001,35.439889,113.94625
FALSE,3.50859E+14,B-20-15 06AAC,,,,,STANDARD,,,DOMESTIC,,35.149722,113.900278
FALSE,3.50919E+14,B-21-15 36CD,616460,,,,STANDARD,70,,STOCK,,35.155278,113.827222
FALSE,3.51042E+14,B-21-14 29BBC,631002,,,,STANDARD,595,,UNUSED,4/1/1980,35.178333,113.796667
FALSE,3.5122E+14,B-21-15 17BDB,517022,470.1,3529.9,1/16/2006,STANDARD,740,13,DOMESTIC,5/6/1987,35.205611,113.899861
FALSE,3.51508E+14,B-22-15 33BBB,904410,849,2764,1/12/2023,STANDARD,1483,6.62,UNUSED,,35.25225,113.8855
FALSE,3.51632E+14,B-22-15 19CAA,232556,,,,STANDARD,1300,30,IRRIGATION,7/20/2021,35.275583,113.913583
FALSE,3.51705E+14,B-22-16 17DDD2,529816,684.6,2662.4,7/8/1999,STANDARD,1040,30,PUBLIC SUPPLY,6/27/1991,35.283889,113.994167
FALSE,3.51718E+14,B-22-17 16CD,,,,,STANDARD,,,STOCK,,35.288333,114.099722
FALSE,3.51725E+14,B-22-15 13BCC,908050,,,,STANDARD,800,8.63,DOMESTIC,11/2/2007,35.290361,113.833611
FALSE,3.51756E+14,B-22-16 10DDD,231443,,,,STANDARD,960,16,IRRIGATION,3/14/2021,35.298778,113.958583
FALSE,3.51758E+14,B-22-17 14AAC,204574,,,,STANDARD,205,8.63,DOMESTIC,8/2/2004,35.299528,114.059833
FALSE,3.5182E+14,B-22-16E07ADD,622184,700.5,2759.5,11/8/1995,STANDARD,880,,UNUSED,,35.305333,114.011639
FALSE,3.51836E+14,B-22-17 09ADD2,,16,4184,12/30/1964,STANDARD,20,,STOCK,,35.31,114.091111
FALSE,3.51839E+14,B-22-17 12BCD,209631,,,,STANDARD,697,7,DOMESTIC,9/28/2006,35.310917,114.053944
FALSE,3.51911E+14,B-22-16E06BCD,,,,,STANDARD,602,,UNUSED,,35.319722,114.025556
FALSE,3.52E+14,B-23-17 36CDA,917266,,,,STANDARD,649,7,DOMESTIC,8/27/2014,35.333389,114.049056
FALSE,3.52058E+14,B-23-14 26ACB,,,,,STANDARD,,,STOCK,,35.349444,113.73
FALSE,3.52113E+14,B-23-14 26BBA,919583,60.1,4069.9,2/27/2018,STANDARD,178,7,DOMESTIC,6/7/2016,35.353667,113.742806
FALSE,3.52137E+14,B-23-15 24DBD,585124,114.3,3865.7,2/6/2018,STANDARD,420,7,UNUSED,1/24/2001,35.360389,113.821833
FALSE,3.52155E+14,B-23-16 21BDB,208288,,,,STANDARD,425,7,DOMESTIC,7/25/2005,35.365167,113.988306
FALSE,3.52213E+14,B-23-16 E18DDC,919489,,,,STANDARD,545,7,DOMESTIC,5/17/2016,35.370306,114.014639
FALSE,3.52216E+14,B-23-14 13CCB5,627255,62,3488,6/23/1932,STANDARD,87,16,UNUSED,1/1/1900,35.371111,113.7225
FALSE,3.52218E+14,B-23-14 13CCB4,627257,62,3521,6/23/1932,STANDARD,91,16,UNUSED,1/1/1925,35.371667,113.7225
FALSE,3.52307E+14,B-23-17 13ADB,631641,132.7,3787.3,1/9/1991,STANDARD,360,8,UNUSED,3/14/1979,35.385278,114.042778
FALSE,3.52503E+14,B-24-15 35CBC,548429,691,2517,1/17/2006,STANDARD,800,7,DOMESTIC,3/28/1995,35.417611,113.851472
FALSE,3.52542E+14,B-24-15 28DDD,205640,567.4,2507.6,2/26/2018,STANDARD,713,8.62,UNUSED,4/5/2005,35.428472,113.869667
FALSE,3.52608E+14,B-24-15 30ACC,223893,,,,STANDARD,570,24,UNUSED,9/2/2014,35.4355,113.912889
FALSE,3.52629E+14,B-24-14 29AAA,,621.9,2696.1,1/7/1991,STANDARD,700,16,UNUSED,7/1/1944,35.442138,113.781417
FALSE,3.52724E+14,B-24-16 23BAA,225524,,,,STANDARD,1015,30,IRRIGATION,12/1/2015,35.45675,113.948889
FALSE,3.52725E+14,B-24-15 20ABB,231377,,,,STANDARD,1000,30,IRRIGATION,2/3/2020,35.457022,113.895947
FALSE,3.52735E+14,B-24-17 19AB,,,,,STANDARD,,,STOCK,,35.459722,114.132222
FALSE,3.52818E+14,B-24-16 09CCC,223859,496.1,2478.9,2/7/2018,STANDARD,850,24,UNUSED,9/28/2014,35.471806,113.992667
FALSE,3.52841E+14,B-24-17 10CBD,647550,25,3435,12/1/1964,STANDARD,350,,STOCK,,35.478056,114.09
FALSE,3.52858E+14,B-24-16 W07BBC,210241,497.3,2537.7,2/13/2018,STANDARD,664,8.5,UNUSED,11/8/2016,35.482778,114.038583
FALSE,3.52901E+14,B-24-15 11AAA,,,,,STANDARD,492,,UNUSED,1/1/1963,35.485833,113.834722
FALSE,3.53008E+14,B-24-16 03ABA,223763,,,,STANDARD,1170,24,IRRIGATION,10/8/2014,35.502361,113.962833
FALSE,3.5306E+14,B-25-16 35BBB,225116,386.8,2491.2,3/28/2023,STANDARD,1000,30,IRRIGATION,6/29/2015,35.516639,113.970944
FALSE,3.53109E+14,B-25-15 27CCB,913817,492.6,2507.4,2/28/2018,STANDARD,590,8.63,STOCK,12/5/2011,35.519111,113.882222
FALSE,3.53136E+14,B-25-18 25AAC,,,,,STANDARD,,,STOCK,,35.526667,114.148333
FALSE,3.53552E+14,B-26-18 31BDB,601849,130.9,3529.1,3/16/2023,STANDARD,356,8,UNUSED,1/1/1962,35.59975,114.250663
FALSE,3.53628E+14,B-26-16 22CCC,,,,,STANDARD,5994,12.5,UNUSED,7/11/1970,35.619639,113.987028
FALSE,3.53732E+14,B-26-17 23CBB1,85945,258.3,2500.7,11/8/1995,STANDARD,600,8.63,UNUSED,10/20/1980,35.625222,114.077917
FALSE,3.53753E+14,B-26-18 19AAC,920147,,,,STANDARD,728,7,DOMESTIC,1/16/2017,35.631278,114.240333
FALSE,3.53754E+14,B-26-18 19BBB,910971,472,3153,8/10/2009,STANDARD,605,7,DOMESTIC,8/7/2009,35.631667,114.253472
FALSE,3.53801E+14,B-26-17 14CCC,223494,270.7,2489.3,2/28/2018,STANDARD,780,24,UNUSED,1/3/2015,35.6335,114.077778
FALSE,3.53806E+14,B-26-17 15DCC,223496,,,,STANDARD,750,16,IRRIGATION,6/28/2014,35.634917,114.086806
FALSE,3.53903E+14,B-26-18 09CCB2,504595,,,,STANDARD,715,8.63,PUBLIC SUPPLY,11/20/1982,35.650917,114.218861
FALSE,3.53912E+14,B-26-18 09DAC,205482,,,,STANDARD,810,6.63,DOMESTIC,10/26/2009,35.653278,114.205972
FALSE,3.54008E+14,B-26-18 05DBB,603219,566,2974,1/26/2006,STANDARD,700,6,DOMESTIC,8/1/1978,35.669,114.227556
FALSE,3.54246E+14,B-27-17 21DBB,916658,446.6,2423.4,2/26/2018,STANDARD,750,16,UNUSED,11/20/2014,35.712806,114.104472
FALSE,3.54615E+14,B-28-16 34CBA,642297,108.9,3961.1,2/8/2018,STANDARD,175,6,STOCK,,35.770915,113.985832
FALSE,3.54655E+14,B-28-16 27CDA,,,,,STANDARD,,,DOMESTIC,,35.781944,113.981944
FALSE,3.54733E+14,B-28-19 25ABB,,57.6,4582.4,9/25/1980,STANDARD,375,6,UNUSED,9/11/1980,35.7925,114.262778
FALSE,3.54829E+14,B-28-17 17CCD,584805,632.2,2332.8,1/31/2006,STANDARD,772,8.63,DOMESTIC,2/2/2001,35.808167,114.127806
FALSE,3.5592E+14,B-30-18 18BDC,,,,,STANDARD,,,UNUSED,,35.988889,114.256944
FALSE,3.60042E+14,B-30-18 01DCA,,,,,STANDARD,,,UNUSED,,36.011667,114.163611
FALSE,3.52557E+14,B-24-15 28CAC,577910,513.2,2509.8,1/17/2006,STANDARD,728,8.62,STOCK,11/4/1999,35.432444,113.882083
FALSE,3.52627E+14,B-24-15 25BAC,902880,,,,STANDARD,1255,6.63,DOMESTIC,10/3/2005,35.440833,113.829333
FALSE,3.52818E+14,B-24-16 11DDD,606423,450.7,2487.3,2/7/2018,STANDARD,798,20,IRRIGATION,1/6/1975,35.47225,113.942
FALSE,3.53825E+14,B-26-17 16DBB,223158,,,,STANDARD,560,30,IRRIGATION,7/7/2014,35.640333,114.104278
FALSE,3.53918E+14,B-26-17 09DBB,223156,,,,STANDARD,760,30,IRRIGATION,8/5/2014,35.654889,114.104361
FALSE,3.54033E+14,B-26-18 03AAA2,,,,,STANDARD,665,6,DOMESTIC,10/1/1977,35.675833,114.185833
FALSE,3.54346E+14,B-27-15 15ADB,,,,,STANDARD,,,STOCK,,35.729444,113.8675
FALSE,3.54638E+14,B-28-16 35BBA,,,,,STANDARD,,,STOCK,,35.777222,113.968889
FALSE,3.60002E+14,B-30-18 09CBA,629127,25,1395,9/1/1973,STANDARD,94,,UNUSED,,36.000556,114.225
FALSE,3.51151E+14,B-21-16 14CDD,631357,481.7,3298.3,1/7/1991,STANDARD,690,8,UNUSED,,35.195806,113.949417
FALSE,3.51439E+14,B-22-16 34CBC,612664,744.4,2657.2,6/13/2006,STANDARD,1000,16,PUBLIC SUPPLY,4/5/1978,35.242917,113.974944
FALSE,3.51751E+14,B-22-17 14BCB2,919659,,,,STANDARD,553,8.63,DOMESTIC,7/6/2016,35.297528,114.074667
FALSE,3.5231E+14,B-23-15 09CCC,918686,429.1,2715.9,3/1/2018,STANDARD,,,UNUSED,,35.386,113.884917
FALSE,3.52314E+14,B-23-14 09CDA,916962,44.8,3855.2,2/27/2018,STANDARD,168,7,STOCK,5/28/2014,35.387167,113.772917
FALSE,3.52731E+14,B-24-15 13DCC,545061,723,2524,2/28/2018,STANDARD,900,7,DOMESTIC,9/23/1994,35.458417,113.824667
FALSE,3.5295E+14,B-24-15 01BBD,551149,,,,STANDARD,417,7,UNUSED,,35.497222,113.83
FALSE,3.51438E+14,B-21-17 01BAA,210361,265.8,3274.2,2/5/2018,STANDARD,365,7,DOMESTIC,2/28/2006,35.24375,114.049417
FALSE,3.51705E+14,B-22-16 17DDD1,529815,612.2,2736.8,1/12/2006,STANDARD,1200,8.62,OBSERVATION,2/6/1995,35.283861,113.9945
FALSE,3.51758E+14,B-22-15 12DDA2,,76.8,3973.2,2/6/2018,STANDARD,,,STOCK,,35.299777,113.816413
FALSE,3.51934E+14,B-22-17 01ADA,625002,241.9,3448.1,3/20/2023,STANDARD,480,8,UNUSED,9/15/1978,35.325473,114.040199
FALSE,3.52215E+14,B-23-14 13CCC1,651079,71.15,3493.85,2/12/1953,STANDARD,80,48,UNUSED,,35.370918,113.726135
FALSE,3.52216E+14,B-23-14 13CCB2,627256,50.94,3499.06,11/11/1943,STANDARD,89,16,UNUSED,1/1/1922,35.371111,113.722222
FALSE,3.52357E+14,B-23-17 11BDA,,,,,STANDARD,,,UNUSED,,35.399167,114.066111
FALSE,3.52554E+14,B-24-15 28CCA,596990,,,,STANDARD,620,7,UNUSED,1/5/2004,35.431639,113.883139
FALSE,3.52611E+14,B-24-14 29ACB,,580.5,2744.5,2/27/2018,STANDARD,949,3,UNUSED,3/1/1944,35.437611,113.789
FALSE,3.53029E+14,B-25-16 33CAA,913786,386.9,2491.1,2/7/2018,STANDARD,,8.63,UNUSED,11/14/2011,35.508083,113.998361
FALSE,3.53614E+14,B-26-17 34BBB,916655,369,2481,3/30/2023,STANDARD,760,24,UNUSED,12/6/2014,35.604,114.096056
FALSE,3.51013E+14,B-21-15 26CAD1,,13.1,4468.9,12/2/1980,STANDARD,,,UNUSED,,35.170528,113.845722
FALSE,3.51552E+14,B-22-16 28BDA2,504272,531,2771,1/30/2024,STANDARD,1006,18,PUBLIC SUPPLY,12/3/1982,35.264306,113.985167
FALSE,3.52253E+14,B-23-16 15BDB,,543.7,2751.3,2/9/2018,STANDARD,840,10,UNUSED,1/1/1965,35.380472,113.970389
FALSE,3.52818E+14,B-24-15 18BBB,525378,452.4,2505.6,2/12/1991,STANDARD,2300,8.62,UNUSED,10/5/1989,35.471167,113.921556
FALSE,3.52935E+14,B-24-16 05CBB,223098,447.1,2487.9,3/28/2023,STANDARD,1006,24,IRRIGATION,10/10/2014,35.493139,114.01075
FALSE,3.5364E+14,B-26-17 29DBB,916651,526,2494,3/30/2023,STANDARD,654,24,UNUSED,11/15/2014,35.611167,114.121917
FALSE,3.53705E+14,B-26-16 29BBB,600494,280.4,2497.6,3/30/2023,STANDARD,655,16,UNUSED,12/5/1979,35.617889,114.023778
FALSE,3.53847E+14,B-26-18 17ABA,801891,,,,STANDARD,691,4,DOMESTIC,,35.646389,114.226667
FALSE,3.55459E+14,B-29-18 11CAA,904437,,,,STANDARD,,8.62,UNUSED,,35.916332,114.185611
FALSE,3.51658E+14,B-22-15 19BBB,234281,620.2,2744.8,3/23/2023,STANDARD,1460,30,IRRIGATION,1/29/2022,35.282695,113.921944
FALSE,3.52424E+14,B-23-14 03ADC,624982,480.1,2947.9,2/27/2018,STANDARD,487,16,UNUSED,11/1/1943,35.406722,113.748056
FALSE,3.52518E+14,B-24-15 31ADD,224458,,,,STANDARD,520,24,UNUSED,10/2/2014,35.421639,113.905222
FALSE,3.53456E+14,B-25-17 03CAA,916654,,,,STANDARD,950,24,IRRIGATION,11/12/2014,35.582306,114.086944
FALSE,3.51817E+14,B-22-16E07DAA,624996,698.4,2757,11/8/1995,STANDARD,1000,16,PUBLIC SUPPLY,10/1/1977,35.304722,114.011389
FALSE,3.52206E+14,B-23-14 24BAB1,,90.8,3471.2,2/27/2018,STANDARD,290,20,DOMESTIC,1/1/1962,35.369888,113.723999
FALSE,3.53536E+14,B-26-19 36ACA,520733,455.2,3046.8,6/22/2006,STANDARD,540,8,PUBLIC SUPPLY,9/16/1988,35.599639,114.260111
FALSE,3.53827E+14,B-26-17 15ACC,224164,270.2,2489.8,2/28/2018,STANDARD,820,20,UNUSED,1/18/2015,35.640861,114.087194
FALSE,3.53846E+14,B-26-16 16AAA,526081,,,,STANDARD,2502,10.75,UNUSED,10/9/1989,35.646111,113.991278
FALSE,3.54233E+14,B-27-17 19CCA1,,,,,STANDARD,,,UNUSED,,35.709167,114.145278
FALSE,3.51552E+14,B-22-16 28BDA1,502501,524,2781,1/30/2024,STANDARD,1105,1.25,UNUSED,4/11/1982,35.264446,113.984972
FALSE,3.52217E+14,B-23-14 13CCB1,627258,63,3487,5/23/1932,STANDARD,103,,UNUSED,,35.371389,113.722222
FALSE,3.52318E+14,B-23-17 15ABB1,,27.4,4343.6,2/27/1980,STANDARD,150,,UNUSED,,35.388333,114.082778
FALSE,3.52403E+14,B-23-17 08ABA,,,,,STANDARD,,,STOCK,,35.400833,114.111944
FALSE,3.52948E+14,B-24-17 02DBB,225952,,,,STANDARD,1000,8,UNUSED,5/10/2016,35.496583,114.065806
FALSE,3.53036E+14,B-25-14 35BDD,572849,148.1,3601.9,2/28/2018,STANDARD,320,7,DOMESTIC,3/17/1999,35.510083,113.74975
FALSE,3.51348E+14,B-21-17 01DDD,599952,,,,STANDARD,400,7,DOMESTIC,7/10/2003,35.229917,114.040278
FALSE,3.51358E+14,B-21-17 01CCB,612660,112.2,3447.8,3/14/2023,STANDARD,,,UNUSED,,35.233056,114.055889
FALSE,3.51623E+14,B-22-16 20CBC1,571223,666.8,2704.2,3/13/2023,STANDARD,1200,8.62,OBSERVATION,11/30/1998,35.273139,114.010167
FALSE,3.51631E+14,B-22-15 19CBB,903521,632.4,2752.6,3/23/2023,STANDARD,1508,30,IRRIGATION,1/6/2006,35.275389,113.922667
FALSE,3.51706E+14,B-22-17 22AAB1,,,,,STANDARD,,8,UNUSED,,35.287222,114.078333
FALSE,3.51752E+14,B-22-16 10DCB,231442,,,,STANDARD,1005,24,IRRIGATION,8/26/2020,35.297722,113.965
FALSE,3.53622E+14,B-26-14 30CCB,,24.4,4016.6,2/10/2006,STANDARD,100,8,UNUSED,,35.60725,113.828944
FALSE,3.51118E+14,B-21-16 24CAA1,,25.6,4016.4,12/2/1985,STANDARD,86,8,UNUSED,,35.188333,113.933056
FALSE,3.5131E+14,B-21-15 07ACA,588910,,,,STANDARD,1470,8.62,DOMESTIC,2/3/2002,35.219556,113.910278
FALSE,3.51517E+14,B-22-15 27DDC,231891,,,,STANDARD,975,30,UNUSED,5/17/2020,35.254722,113.855444
FALSE,3.52036E+14,B-23-16 28DCB,208788,,,,STANDARD,845,7,DOMESTIC,8/29/2017,35.343417,113.982611
FALSE,3.52121E+14,B-23-17 29ADA,,,,,STANDARD,,,STOCK,,35.355833,114.107222
FALSE,3.52509E+14,B-24-16 34CBD,906855,653,2515,4/27/2007,STANDARD,800,8.63,DOMESTIC,4/27/2007,35.419222,113.972667
FALSE,3.52746E+14,B-24-17 17CCC2,,,,,STANDARD,,,UNUSED,,35.462778,114.125556
FALSE,3.53734E+14,B-26-17 21ACC,223157,,,,STANDARD,565,16,IRRIGATION,8/28/2017,35.626222,114.104389
FALSE,3.54651E+14,B-28-17 29CCA,923872,,,,STANDARD,940,30,UNUSED,3/5/2020,35.780756,114.129336
FALSE,3.55017E+14,B-28-18 01CDD,212232,565.2,2142.8,8/31/2006,STANDARD,910,8.62,UNUSED,7/31/2006,35.838056,114.160944
FALSE,3.5084E+14,B-20-15 03CBB,,,,,STANDARD,,,STOCK,,35.144444,113.858889
FALSE,3.51344E+14,B-21-16 W06CBC2,587082,,,,STANDARD,680,7,DOMESTIC,6/9/2001,35.228972,114.039167
FALSE,3.52212E+14,B-23-16 17DDC,646465,98.7,3361.3,3/12/1980,STANDARD,320,6.63,DOMESTIC,3/1/1978,35.37,113.995
FALSE,3.53458E+14,B-25-17 01BCC,224163,,,,STANDARD,780,24,UNUSED,12/26/2014,35.582639,114.059889
FALSE,3.53543E+14,B-26-18 35DBA,,,,,STANDARD,,,DOMESTIC,,35.595278,114.1675
FALSE,3.53616E+14,B-26-17 27DCC,224166,323.5,2486.5,3/30/2023,STANDARD,830,20,IRRIGATION,1/17/2015,35.604556,114.087
FALSE,3.54632E+14,B-28-16 34BBD2,541954,61.6,4059.4,11/8/1995,STANDARD,133,6,UNUSED,1/3/1994,35.775556,113.986667
FALSE,3.50743E+14,B-20-15 08CAD,,,,,STANDARD,,,STOCK,,35.128611,113.888333
FALSE,3.51425E+14,B-22-16 32DDD2,591289,671.7,2708.3,3/14/2023,STANDARD,1130,30,PUBLIC SUPPLY,6/14/2002,35.240222,113.993722
FALSE,3.519E+14,B-22-17 04CDC,,8,4892,1/1/1962,STANDARD,12,,STOCK,,35.316667,114.101389
FALSE,3.538E+14,B-26-17 16DCC,223189,331.9,2478.1,2/28/2018,STANDARD,850,24,IRRIGATION,10/21/2014,35.633472,114.1045
FALSE,3.5232E+14,B-23-15 08CDA,624998,359.3,2725.7,3/29/2023,STANDARD,600,16,IRRIGATION,5/1/1964,35.387461,113.897772
FALSE,3.53724E+14,B-26-14 20DBA,,,,,STANDARD,,,STOCK,,35.623333,113.799444
FALSE,3.53924E+14,B-26-18 11ADC2,208251,,,,STANDARD,910,6.63,DOMESTIC,7/28/2005,35.656778,114.170972
FALSE,3.54035E+14,B-26-16 06AAA,534946,,,,STANDARD,2503,8.62,OTHER,5/23/1992,35.676389,114.025722
FALSE,3.54836E+14,B-28-18 13DCB,210023,533.2,2304.8,3/20/2023,STANDARD,983,8.62,UNUSED,11/25/2005,35.81,114.157389
FALSE,3.5142E+14,B-21-15 05BBB,526379,872.8,2757.2,1/10/2006,STANDARD,1320,9.62,UNUSED,1/12/1990,35.238972,113.904417
FALSE,3.51425E+14,B-22-16 33CDC,612665,657.7,2732.5,1/16/2006,STANDARD,1008,16,PUBLIC SUPPLY,1/1/1971,35.239556,113.986972
FALSE,3.51425E+14,B-22-16 32DDD1,582951,672,2708,3/14/2023,STANDARD,1200,8.62,OBSERVATION,3/23/2001,35.24025,113.993361
FALSE,3.52835E+14,B-24-17 10CCB,,25,3365,12/1/1964,STANDARD,30,,DOMESTIC,,35.478611,114.091389
FALSE,3.5373E+14,B-26-18 19CBA,208447,429,3151,7/22/2008,STANDARD,580,7,DOMESTIC,8/9/2005,35.625,114.251251
FALSE,3.53826E+14,B-26-17 15CBB,916485,,,,STANDARD,750,16,IRRIGATION,3/28/2014,35.640417,114.096167
FALSE,3.54338E+14,B-27-15 15ACD,,,,,STANDARD,,,STOCK,,35.727222,113.870833
FALSE,3.5091E+14,B-21-14 31CCC2,,152.75,4437.25,7/15/1969,STANDARD,250,6,UNUSED,,35.152778,113.815556
FALSE,3.51058E+14,B-21-16 24DCC,,31.46,4195.54,12/2/1985,STANDARD,,,UNUSED,,35.182778,113.930278
FALSE,3.51534E+14,B-22-17 26CCB,,,,,STANDARD,,,STOCK,,35.259444,114.07
FALSE,3.5162E+14,B-22-15 23CAD,502288,400,3360,1/12/2023,STANDARD,480,8,UNUSED,3/27/1982,35.272251,113.843887
FALSE,3.51815E+14,B-22-16 10CAA,593058,558.3,2716.7,3/23/2023,STANDARD,1020,18,UNUSED,8/4/2002,35.304222,113.966889
FALSE,3.52107E+14,B-23-14 30ACA,582493,,,,STANDARD,225,7,DOMESTIC,10/1/2000,35.351917,113.803583
FALSE,3.52317E+14,B-23-17 15ABB2,631623,57.6,4308.4,2/27/1980,STANDARD,150,,UNUSED,,35.388056,114.081944
FALSE,3.52632E+14,B-24-17 30CAB,,,,,STANDARD,,,STOCK,,35.442222,114.138056
FALSE,3.53007E+14,B-24-17 01ABB,,517,2523,2/27/2018,STANDARD,,,UNUSED,,35.501917,114.048083
FALSE,3.53802E+14,B-26-18 16CCC,905101,,,,STANDARD,775,8.63,DOMESTIC,6/30/2006,35.634,114.217861
FALSE,3.54314E+14,B-27-17 13CCC,916699,373.7,2401.3,2/26/2018,STANDARD,790,20,UNUSED,1/24/2015,35.720667,114.059917
FALSE,3.55033E+14,B-28-19 03DBB,917550,,,,STANDARD,21,8.5,UNUSED,11/24/2014,35.842528,114.299167
FALSE,3.51844E+14,B-22-16 01DCC,606422,461.9,2772.1,1/11/2006,STANDARD,595,18,STOCK,10/1/1974,35.31225,113.930833
FALSE,3.52658E+14,B-24-14 19CAA,919684,850,2450,7/15/2016,STANDARD,1240,8.63,UNUSED,7/15/2016,35.449583,113.809278
FALSE,3.52731E+14,B-24-18 24BA,,,,,STANDARD,,,STOCK,,35.458611,114.156111
FALSE,3.53338E+14,B-25-17 13AAA,519151,292,2506,2/9/2006,STANDARD,400,8.62,DOMESTIC,10/17/1987,35.560361,114.042833
FALSE,3.5085E+14,B-20-15 04BD,631353,,,,STANDARD,165,,STOCK,,35.147222,113.870278
FALSE,3.51103E+14,B-21-16 24CDA,631346,26,4164,3/11/1980,STANDARD,85,6,UNUSED,,35.184167,113.931944
FALSE,3.51702E+14,B-22-16 15CCC,612657,558.3,2727.8,2/13/2018,STANDARD,1000,20,PUBLIC SUPPLY,2/1/1970,35.284111,113.974278
FALSE,3.53041E+14,B-25-16 31ACC,593273,,,,STANDARD,530,,DOMESTIC,,35.511389,114.033056
FALSE,3.53853E+14,B-26-17 09DCC,223539,301.8,2478.2,2/28/2018,STANDARD,750,16,IRRIGATION,7/3/2014,35.648,114.104861
FALSE,3.54233E+14,B-27-17 19CCA2,600504,500.9,2581.1,3/23/2023,STANDARD,640,12,STOCK,8/1/1965,35.709056,114.145056
FALSE,3.54352E+14,B-27-15 15AAC,,,,,STANDARD,,,STOCK,,35.731111,113.8675
FALSE,3.54629E+14,B-28-16 34ACB,526047,97.3,4217.7,2/8/2018,STANDARD,144,5.5,STOCK,10/3/1989,35.775196,113.978363
FALSE,3.51152E+14,B-21-15 17DDC,505193,0,4130,1/12/2023,STANDARD,520,6,UNUSED,9/20/1983,35.197778,113.890556
FALSE,3.51717E+14,B-22-15 13CBC,908049,,,,STANDARD,830,7,UNUSED,10/31/2007,35.288083,113.833722
FALSE,3.51808E+14,B-22-17 11CDC,918851,,,,STANDARD,565,7,DOMESTIC,11/12/2015,35.302111,114.069222
FALSE,3.52717E+14,B-24-16E19AAC,503136,,,,STANDARD,600,6.25,UNUSED,6/11/1983,35.455028,114.014
FALSE,3.52819E+14,B-24-16 09CDD,222891,473,2477,3/28/2023,STANDARD,725,16,IRRIGATION,6/14/2013,35.471861,113.984417
FALSE,3.53642E+14,B-26-18 29BDC,586576,,,,STANDARD,200,7,DOMESTIC,6/9/2001,35.611639,114.232139
FALSE,3.53709E+14,B-26-17 23CDD,86253,268.7,2489.3,3/30/2023,STANDARD,750,14,UNUSED,2/2/1981,35.619056,114.069611
FALSE,3.53801E+14,B-26-17 15CCC,223497,,,,STANDARD,750,16,IRRIGATION,6/25/2014,35.633528,114.095556
FALSE,3.5215E+14,B-23-14 23BCC,551465,70,3870,8/31/1995,STANDARD,230,4.5,STOCK,8/31/1995,35.363889,113.744028
FALSE,3.52216E+14,B-23-14 13CCC2,,50.45,3515.55,11/23/1943,STANDARD,75,72,UNUSED,,35.371112,113.726165
FALSE,3.52429E+14,B-23-14 01ADA,,,,,STANDARD,,,UNUSED,,35.408056,113.716944
FALSE,3.51424E+14,B-22-16 35CCC,905228,720.7,2718.3,2/14/2018,STANDARD,,,PUBLIC SUPPLY,,35.239889,113.957194
FALSE,3.51759E+14,B-22-15 12DDC,,68.3,3951.7,2/29/1980,STANDARD,,8,UNUSED,,35.298056,113.818889
FALSE,3.51837E+14,B-22-17 09ADD1,,15,4185,12/30/1964,STANDARD,289,,STOCK,,35.310278,114.091111
FALSE,3.51957E+14,B-23-14 31DAA,912692,,,,STANDARD,230,7,UNUSED,11/12/2010,35.332528,113.800333
FALSE,3.52512E+14,B-24-17 32CCD,,,,,STANDARD,,,STOCK,,35.42,114.123889
FALSE,3.53917E+14,B-26-18 07CAA,582858,,,,STANDARD,605,7,DOMESTIC,9/21/2000,35.654667,114.247861
FALSE,3.50756E+14,B-20-15 09ACD,,,,,STANDARD,,,STOCK,,35.132222,113.864167
FALSE,3.511E+14,B-21-15 22DD,,,,,STANDARD,,,DOMESTIC,,35.183333,113.855556
FALSE,3.51109E+14,B-21-16 23DBC,,16.8,3988.2,3/11/1980,STANDARD,30,,UNUSED,,35.185833,113.945278
FALSE,3.52205E+14,B-23-14 24BAB2,,62.2,3499.8,11/10/1995,STANDARD,222,20,MINING,1/1/1962,35.369915,113.723274
FALSE,3.52747E+14,B-24-17 14CDD1,,9.3,3427.7,2/27/1980,STANDARD,40,8,STOCK,,35.463056,114.065833
FALSE,3.54728E+14,B-28-17 29AAD,924458,,,,STANDARD,1120,30,IRRIGATION,8/2/2020,35.790997,114.113858
FALSE,3.55035E+14,B-28-19 03DAA,917457,847.4,3152.6,3/22/2023,STANDARD,20,7,UNUSED,10/23/2014,35.843083,114.291885
FALSE,3.51245E+14,B-21-16 10DDA,905221,,,,STANDARD,,,UNUSED,,35.212667,113.959663
FALSE,3.5163E+14,B-22-16 20DAA,571222,617.7,2705.3,3/14/2023,STANDARD,1200,8.62,OBSERVATION,11/30/1998,35.275139,113.993611
FALSE,3.51725E+14,B-22-17 15CDA,913497,,,,STANDARD,400,7,DOMESTIC,8/23/2017,35.290167,114.085167
FALSE,3.51744E+14,B-22-17 15BDC,208718,,,,STANDARD,385,7,DOMESTIC,8/25/2005,35.295472,114.086
FALSE,3.51916E+14,B-22-17 04CBA,,,,,STANDARD,,,STOCK,,35.321111,114.103611
FALSE,3.52318E+14,B-23-14 09DBC,587720,,,,STANDARD,505,7,DOMESTIC,11/5/2001,35.388417,113.770333
FALSE,3.52525E+14,B-24-17 35CAB,631624,88.2,3656.8,11/8/1995,STANDARD,260,,UNUSED,,35.423611,114.07
FALSE,3.54439E+14,B-27-19 12ACD,642298,24.7,4115.3,3/22/2023,STANDARD,45,,STOCK,,35.742973,114.262001
FALSE,3.5501E+14,B-28-17 09AAA,206465,589.7,2970.3,2/9/2018,STANDARD,1480,6.63,UNUSED,2/22/2005,35.83625,114.096222
FALSE,3.51234E+14,B-21-16 17ABB,592706,,,,STANDARD,790,8.63,DOMESTIC,6/12/2002,35.209333,114.000944
FALSE,3.51638E+14,B-22-15 24ADC,,,,,STANDARD,38,,STOCK,,35.277222,113.816389
FALSE,3.51928E+14,B-22-16 02ABD,572015,420.4,2782.6,2/13/2018,STANDARD,650,8.62,OBSERVATION,2/16/1999,35.324472,113.947028
FALSE,3.52102E+14,B-23-17 25DBC,599420,,,,STANDARD,630,7,DOMESTIC,8/21/2003,35.350667,114.047278
FALSE,3.52217E+14,B-23-14 13CCB3,,51.36,3498.64,11/11/1943,STANDARD,104,16,UNUSED,1/1/1919,35.371389,113.7225
FALSE,3.52606E+14,B-24-15 25CAB,210779,,,,STANDARD,900,8.63,DOMESTIC,6/27/2006,35.435139,113.828111
FALSE,3.52632E+14,B-24-16 28ABA,919764,560,2485,8/11/2016,STANDARD,655,8.63,UNUSED,8/11/2016,35.442222,113.98075
FALSE,3.52843E+14,B-24-14 09CBB,536971,521.1,2759.9,2/28/2018,STANDARD,950,7,UNUSED,12/15/1992,35.478083,113.780194
FALSE,3.53232E+14,B-25-17 23BAD,586830,,,,STANDARD,636,8.62,COMMERCIAL,5/12/2001,35.542222,114.070611
FALSE,3.53448E+14,B-25-18 03DBA,,,,,STANDARD,,,STOCK,,35.58,114.186389
FALSE,3.53641E+14,B-26-17 27CBB,223102,,,,STANDARD,900,20,IRRIGATION,1/4/2015,35.611389,114.095583
FALSE,3.54449E+14,B-27-19 12BAB,,,,,STANDARD,,,STOCK,,35.746944,114.266944
FALSE,3.51719E+14,B-22-15 13CBB,907982,,,,STANDARD,655,7,UNUSED,10/24/2007,35.288611,113.833
FALSE,3.5182E+14,B-22-16 10ADD,231350,,,,STANDARD,1005,20,IRRIGATION,4/25/2020,35.305472,113.958583
FALSE,3.52117E+14,B-23-16 E30ABB,200897,,,,STANDARD,20,7,UNUSED,10/30/2003,35.35475,114.018417
FALSE,3.53227E+14,B-25-17 23BCB,560677,401,2503,2/9/2006,STANDARD,636,8.62,DOMESTIC,1/16/1997,35.540917,114.076806
FALSE,3.53644E+14,B-26-18 29BCD,212462,118.5,3681.5,3/2/2018,STANDARD,300,7,DOMESTIC,5/1/2009,35.612139,114.234333
FALSE,3.55532E+14,B-29-18 01CDC,901912,249.9,1907.1,3/21/2006,STANDARD,658,8.62,UNUSED,,35.925444,114.170111
FALSE,3.51127E+14,B-21-15 19DAB,631349,69.5,4160.5,12/2/1985,STANDARD,152,6,STOCK,1/1/1960,35.188056,113.908611
FALSE,3.51432E+14,B-22-15 35CDA,924562,459.8,3320.2,3/23/2023,STANDARD,,10.75,UNUSED,8/3/2020,35.242333,113.842639
FALSE,3.51848E+14,B-22-17 10ABC,,,,,STANDARD,,,STOCK,,35.313333,114.078333
FALSE,3.52425E+14,B-23-17 02BCC,,8,4112,3/12/1980,STANDARD,,,UNUSED,,35.411667,114.073333
FALSE,3.53617E+14,B-26-16 28DDC,,,,,STANDARD,2135,4,UNUSED,1/1/1958,35.604833,113.991333
FALSE,3.5365E+14,B-26-17 27ACA,,283.1,2498.9,11/8/1995,STANDARD,613,,UNUSED,1/1/1956,35.615389,114.082861
FALSE,3.5103E+14,B-21-15 28BDB,631354,200,4290,1/1/1964,STANDARD,212,,UNUSED,,35.175,113.878333
FALSE,3.51922E+14,B-22-17 01DBB,625000,251.5,3473.5,2/28/1980,STANDARD,287,8,UNUSED,6/1/1978,35.322778,114.073889
FALSE,3.52607E+14,B-24-16 28ADD,223952,577,2508,10/25/2014,STANDARD,1000,24,UNUSED,10/25/2014,35.435361,113.975806
FALSE,3.52629E+14,B-24-14 27AAA,216569,144,3412,2/26/2018,STANDARD,510,8.63,UNUSED,12/12/2007,35.441389,113.745611
FALSE,3.52632E+14,B-24-14 29ABA,541961,673.9,2638.1,2/27/2018,STANDARD,963,8.62,UNUSED,1/17/1994,35.442222,113.785697
FALSE,3.50747E+14,B-20-15 09CAA,,,,,STANDARD,,,STOCK,,35.129722,113.869722
FALSE,3.5081E+14,B-20-15 09ABD,,,,,STANDARD,,,STOCK,,35.136111,113.864167
FALSE,3.51038E+14,B-21-15 28BCA1,,,,,STANDARD,200,,STOCK,,35.177222,113.881389
FALSE,3.51712E+14,B-22-17 22AAB3,,,,,STANDARD,,8,UNUSED,,35.286667,114.078611
FALSE,3.52632E+14,B-24-15 30AAA,226382,488.9,2501.1,2/7/2018,STANDARD,1025,30,IRRIGATION,3/29/2017,35.442361,113.905556
FALSE,3.51533E+14,B-22-14 30CBA,,110,3910,1/1/1965,STANDARD,180,,DOMESTIC,,35.259167,113.810556
FALSE,3.51558E+14,B-22-15 29AAC,904540,762.8,2767.2,3/23/2023,STANDARD,,,UNUSED,,35.266056,113.890361
FALSE,3.5252E+14,B-24-16 35ACD,580560,,,,STANDARD,666,5,DOMESTIC,6/15/2000,35.422333,113.945806
FALSE,3.52548E+14,B-24-15 27DDD,568239,644.2,2514.8,1/17/2006,STANDARD,790,6.62,DOMESTIC,6/12/1998,35.429861,113.854
FALSE,3.52633E+14,B-24-14 29AAB,209348,677.1,2635.9,2/27/2018,STANDARD,,6.62,UNUSED,,35.442472,113.784944
FALSE,3.52724E+14,B-24-16 24ABB,225226,477.7,2477.3,2/7/2018,STANDARD,987,30,IRRIGATION,10/10/2015,35.456778,113.930778
FALSE,3.53616E+14,B-26-17 26CCC,224165,,,,STANDARD,760,24,IRRIGATION,12/19/2014,35.604583,114.077722
FALSE,3.53709E+14,B-26-17 21CDD,223540,,,,STANDARD,930,24,IRRIGATION,8/6/2014,35.619194,114.105722
FALSE,3.54531E+14,B-27-17 05ADB,587689,497.3,2368.7,2/9/2006,STANDARD,585,6.62,DOMESTIC,9/6/2001,35.758583,114.117333
FALSE,3.55926E+14,B-30-18 18BDB,629129,6,1494,9/1/1973,STANDARD,10,,UNUSED,,35.990556,114.256944
FALSE,3.52917E+14,B-24-14 05DDD,607424,456.8,2802.2,2/10/2006,STANDARD,577,,DOMESTIC,,35.486833,113.781083
FALSE,3.53334E+14,B-25-14 15BAB,646618,156.6,3808.4,9/24/1980,STANDARD,303,5.5,DOMESTIC,1/13/1979,35.559444,113.770833
FALSE,3.5105E+14,B-21-15 29AAA,,80,4320,1/1/1964,STANDARD,160,,STOCK,,35.180556,113.886389
FALSE,3.5195E+14,B-22-17 03ABA,631522,0,4140,2/28/1980,STANDARD,25,,UNUSED,,35.330556,114.080556
FALSE,3.52659E+14,B-24-15 20CAA,231353,,,,STANDARD,1020,30,IRRIGATION,12/16/2019,35.449811,113.896958
FALSE,3.53616E+14,B-26-17 26DCC,916405,275.2,2489.8,3/30/2023,STANDARD,750,,IRRIGATION,,35.604472,114.069111
FALSE,3.53709E+14,B-26-17 23CCC2,85478,262.3,2499.7,11/8/1995,STANDARD,600,6,IRRIGATION,8/25/1980,35.619056,114.077636
FALSE,3.53903E+14,B-26-18 09CCB1,,,,,STANDARD,,,UNUSED,,35.650833,114.218889
FALSE,3.51622E+14,B-22-16 20CBC2,591290,,,,STANDARD,1050,30,UNUSED,5/6/2002,35.272861,114.010194
FALSE,3.53152E+14,B-25-17 19CCD,,,,,STANDARD,,,STOCK,,35.531111,114.140556
FALSE,3.5355E+14,B-26-17 35ACC,223860,278.8,2491.2,3/30/2023,STANDARD,870,24,STOCK,12/23/2014,35.597306,114.068832
FALSE,3.53853E+14,B-26-18 11DDD,,,,,STANDARD,75.1,8,UNUSED,1/1/1969,35.648056,114.167222
FALSE,3.54132E+14,B-27-16 29CCD,,,,,STANDARD,59.4,8,UNUSED,,35.692194,114.022224
FALSE,3.51403E+14,B-21-17 01CAB,,115,3400,12/1/1963,STANDARD,503,,PUBLIC SUPPLY,,35.234167,114.048611
FALSE,3.51604E+14,B-22-16 29AAA,576713,661.4,2652.6,3/14/2023,STANDARD,1040,30,PUBLIC SUPPLY,11/20/1999,35.267778,113.993556
FALSE,3.52349E+14,B-23-16E07BAD,,,,,STANDARD,,,DEWATERING,,35.397,114.026778
FALSE,3.52635E+14,B-24-16 W19CDD,,,,,STANDARD,,8,UNUSED,,35.443056,114.038889
FALSE,3.51424E+14,B-22-16 34DCC,905225,774,2658,3/14/2023,STANDARD,,,PUBLIC SUPPLY,,35.239889,113.966083
FALSE,3.51632E+14,B-22-15 19DAA,925376,,,,STANDARD,1465,30,UNUSED,2/7/2021,35.275606,113.906086
FALSE,3.51818E+14,B-22-17 12DDA,,581.8,2999.2,3/20/2023,STANDARD,990,8,UNUSED,7/1/1977,35.305081,114.039364
FALSE,3.52545E+14,B-24-17 31BCB,,,,,STANDARD,,,STOCK,,35.429167,114.143611
FALSE,3.5261E+14,B-24-14 27ADC,596350,166.2,3333.8,2/26/2018,STANDARD,,7,DOMESTIC,12/29/2002,35.436194,113.747472
FALSE,3.52912E+14,B-24-16 01DDD2,506419,454,2504,1/30/2024,STANDARD,540,6.63,DOMESTIC,10/31/1983,35.486389,113.922972
FALSE,3.53007E+14,B-24-17 02AAB,226386,486.7,2603.3,2/27/2018,STANDARD,1100,30,UNUSED,,35.501861,114.060861
FALSE,3.53601E+14,B-26-18 34BBC,,,,,STANDARD,,,STOCK,,35.600278,114.195556
FALSE,3.50911E+14,B-21-14 31CCC1,641874,182.3,4407.7,1/7/1991,STANDARD,350,6,UNUSED,1/1/1951,35.153057,113.81525
FALSE,3.51514E+14,B-22-16 27DDD,612667,720,2653.6,3/14/2023,STANDARD,970,14,UNUSED,3/5/1968,35.254028,113.957833
FALSE,3.51832E+14,B-22-17 09BDC,640830,30,4670,12/30/1964,STANDARD,60,,STOCK,,35.308889,114.101944
FALSE,3.52319E+14,B-23-17 15ABB3,,26.8,4339.2,2/27/1980,STANDARD,127,,UNUSED,,35.388611,114.0825
FALSE,3.5293E+14,B-24-16 04DBB,223762,415,2477,10/3/2014,STANDARD,1140,16,IRRIGATION,10/3/2014,35.491806,113.984333
FALSE,3.54332E+14,B-27-17 13DAC,,,,,STANDARD,3126,12.75,OTHER,12/18/2001,35.725611,114.045222
FALSE,3.52001E+14,B-23-17 36DCB,208365,,,,STANDARD,660,7,DOMESTIC,8/20/2005,35.333528,114.046
FALSE,3.53711E+14,B-26-17 19DCD,600503,73.75,3126.25,2/26/2018,STANDARD,185,8,UNUSED,1/1/1971,35.620029,114.13639
FALSE,3.53908E+14,B-26-18 09CBC,206001,,,,STANDARD,790,6.63,PUBLIC SUPPLY,12/12/2004,35.652111,114.218611
FALSE,3.54552E+14,B-28-17 31DDD,208803,549.6,2355.4,2/6/2018,STANDARD,1510,13.62,UNUSED,10/15/2005,35.764444,114.132056
FALSE,3.51658E+14,B-22-15 19BAA,235632,,,,STANDARD,1510,30,IRRIGATION,5/3/2022,35.282694,113.91425
FALSE,3.523E+14,B-23-16 17BBB,530149,300.8,3204.2,11/8/1991,STANDARD,400,7,STOCK,5/5/1991,35.383333,114.009167
FALSE,3.52724E+14,B-24-16 23AAA,225628,476.8,2486.2,2/7/2018,STANDARD,980,30,IRRIGATION,1/6/2016,35.45675,113.940389
FALSE,3.5291E+14,B-24-16 10AAA2,525380,427.8,2489.2,3/28/2023,STANDARD,1111,16,IRRIGATION,10/11/1989,35.486,113.958747
FALSE,3.52939E+14,B-24-16 W06BDC,223891,,,,STANDARD,980,16,UNUSED,10/21/2014,35.494056,114.032806
FALSE,3.53732E+14,B-26-18 24DAC,614904,20.3,3549.7,3/6/1980,STANDARD,80,8,UNUSED,,35.622778,114.1525
FALSE,3.50837E+14,B-20-15 04DAB,,,,,STANDARD,,,STOCK,,35.143611,113.863056
FALSE,3.51752E+14,B-22-16 10DCD,231349,,,,STANDARD,1010,24,IRRIGATION,2/5/2020,35.297667,113.964083
FALSE,3.52429E+14,B-23-14 03ACD,,514.18,2910.82,4/24/1965,STANDARD,642,3,UNUSED,11/1/1943,35.408056,113.750556
FALSE,3.531E+14,B-25-16 35BAA,223063,393.4,2492.6,2/7/2018,STANDARD,1200,16,IRRIGATION,7/1/2014,35.516806,113.9625
FALSE,3.53404E+14,B-25-17 09DBB,916653,465.2,2494.8,3/30/2023,STANDARD,730,24,UNUSED,11/29/2014,35.567722,114.104472
FALSE,3.53708E+14,B-26-17 23CCC1,600495,262.3,2499.7,3/25/1980,STANDARD,700,14,STOCK,1/1/1957,35.618889,114.0725
FALSE,3.53708E+14,B-26-17 22CCC,223541,,,,STANDARD,780,24,UNUSED,11/25/2014,35.619,114.096083
FALSE,3.53939E+14,B-26-18 09BAA,203711,520.1,2914.9,1/31/2006,STANDARD,652,6.63,DOMESTIC,7/26/2004,35.660917,114.212611
FALSE,3.54415E+14,B-27-18 07CBD1,,35,3965,1/1/1950,STANDARD,65,6,UNUSED,,35.739028,114.252639
FALSE,3.51039E+14,B-21-15 28BCA2,,110,4320,1/1/1964,STANDARD,450,,STOCK,,35.1775,113.881389
FALSE,3.51114E+14,B-21-15 20CAB,,114.6,4140.4,3/16/2023,STANDARD,,8,STOCK,,35.187556,113.899083
FALSE,3.51807E+14,B-22-17 14BAA,209612,,,,STANDARD,345,7,DOMESTIC,10/27/2005,35.301944,114.067139
FALSE,3.5182E+14,B-22-17 11DDB,917113,,,,STANDARD,368,8.63,DOMESTIC,7/3/2014,35.305583,114.059694
FALSE,3.52146E+14,B-23-16 E19DBB,913775,,,,STANDARD,528,7,UNUSED,11/7/2011,35.36275,114.017722
FALSE,3.52435E+14,B-23-14 03BBB,,,,,STANDARD,5,6,UNUSED,1/1/1944,35.413333,113.762778
FALSE,3.52534E+14,B-24-16 34ABB,903091,539.8,2563.2,1/19/2006,STANDARD,,6.62,DOMESTIC,,35.426222,113.964333
FALSE,3.52716E+14,B-24-16 21BAD,507197,535,2497,1/30/2024,STANDARD,900,5.56,DOMESTIC,4/10/1984,35.454444,113.985278
FALSE,3.53044E+14,B-25-14 36AAD,,,,,STANDARD,,,STOCK,,35.512222,113.7225
FALSE,3.5091E+14,B-21-14 31CCC3,,91.9,4493.1,5/21/1980,STANDARD,300,8,COMMERCIAL,,35.152778,113.815278
FALSE,3.5132E+14,B-21-16 E07AAD,215545,,,,STANDARD,765,8.63,DOMESTIC,8/24/2007,35.222194,114.011
FALSE,3.51658E+14,B-22-15 19AAA,235633,,,,STANDARD,1510,30,UNUSED,6/19/2022,35.282722,113.905389
FALSE,3.52435E+14,B-23-14 03ABB,,,,,STANDARD,75,16,UNUSED,1/1/1943,35.409722,113.753333
FALSE,3.52632E+14,B-24-15 25BAA,549739,,,,STANDARD,900,7,UNUSED,4/17/1996,35.442222,113.825833
FALSE,3.51428E+14,B-21-17 01BBD,205936,,,,STANDARD,305,6.5,UNUSED,1/25/2005,35.241139,114.053417
FALSE,3.51459E+14,B-22-15 35BDB,,,,,STANDARD,422,8,UNUSED,1/1/1963,35.249722,113.846944
FALSE,3.51625E+14,B-22-15 24DAB,,,,,STANDARD,180,,STOCK,,35.273611,113.816111
FALSE,3.52338E+14,B-23-16 09BDA,641810,,,,STANDARD,625,6,UNUSED,1/1/1979,35.393889,113.984167
FALSE,3.52634E+14,B-24-15 29ABB,231376,,,,STANDARD,1000,30,IRRIGATION,11/20/2019,35.442681,113.896108
FALSE,3.53628E+14,B-26-16 29CCB,916185,,,,STANDARD,800,16,UNUSED,1/1/2014,35.607833,114.025028
FALSE,3.54114E+14,B-27-19 35BDA,621791,26.3,3993.7,2/2/2006,STANDARD,100,,STOCK,,35.688056,114.283444
FALSE,3.54825E+14,B-28-17 23BAA,,12.9,3887.1,3/20/1980,STANDARD,300,8,STOCK,1/1/1971,35.806944,114.07
FALSE,3.5112E+14,B-21-15 20BAD,604198,115.4,4054.6,3/16/2023,STANDARD,140,8,STOCK,,35.193861,113.896806
FALSE,3.52727E+14,B-24-15 13DDC,205174,726.9,2528.1,1/11/2006,STANDARD,980,6.62,UNUSED,3/12/2005,35.457472,113.819944
FALSE,3.54018E+14,B-26-18 01BDB,800243,641,2659,1/26/2006,STANDARD,740,8,DOMESTIC,1/1/1978,35.671722,114.162056
FALSE,3.51003E+14,B-21-14 29CCC,,,,,STANDARD,354,6,UNUSED,,35.1675,113.798889
FALSE,3.51433E+14,B-21-17 01ABA,212694,228.4,3266.6,3/29/2023,STANDARD,380,7,DOMESTIC,8/15/2006,35.242472,114.044306
FALSE,3.5175E+14,B-22-16 15AAB,590897,,,,STANDARD,800,13,DOMESTIC,3/10/2002,35.297333,113.961778
FALSE,3.5203E+14,B-23-15 28CDD,,489,2781,5/1/1965,STANDARD,405,7,UNUSED,1/1/1917,35.341667,113.881944
FALSE,3.5231E+14,B-23-14 11DDC,918794,,,,STANDARD,27,8.63,UNUSED,10/29/2015,35.386167,113.730417
FALSE,3.529E+14,B-24-15 11ABC,593595,600.1,2529.9,1/18/2006,STANDARD,771,6.62,DOMESTIC,9/12/2002,35.483389,113.841806
FALSE,3.51117E+14,B-21-16 24CAA2,,0.3,3999.7,12/2/1985,STANDARD,,,UNUSED,,35.188056,113.9325
FALSE,3.51452E+14,B-22-16 33BCD,612666,756.8,2597.6,3/14/2023,STANDARD,1050,16,PUBLIC SUPPLY,1/3/1971,35.247639,113.989528
FALSE,3.51806E+14,B-22-16 11DBC,529463,396,2836,3/14/2023,STANDARD,685,16,OBSERVATION,11/9/1990,35.303278,113.948722
FALSE,3.52416E+14,B-23-16 03CAA,904479,,,,STANDARD,,,DOMESTIC,,35.404528,113.968583
FALSE,3.52632E+14,B-24-16 27BBB,224535,563.3,2481.7,3/1/2018,STANDARD,661,30,UNUSED,7/28/2015,35.442361,113.975
FALSE,3.52746E+14,B-24-16 15CAA,223764,436.4,2528.6,9/24/2014,STANDARD,960,16,IRRIGATION,9/24/2014,35.462861,113.966611
FALSE,3.52844E+14,B-24-16 09CBB,916317,466,2479,2/7/2018,STANDARD,600,16,UNUSED,4/28/2014,35.478778,113.993083
FALSE,3.52929E+14,B-24-17 02DDD,920515,,,,STANDARD,964,7.88,UNUSED,6/15/2017,35.491333,114.057278
FALSE,3.53616E+14,B-26-16 30DDD,,,,,STANDARD,2608,4,UNUSED,1/1/1958,35.604611,114.025139
FALSE,3.53616E+14,B-26-17 25CDD,223188,277.5,2492.5,3/30/2023,STANDARD,1200,20,UNUSED,1/12/2015,35.6045,114.051556
FALSE,3.53942E+14,B-26-18 09BBB,203051,523.9,2936.1,1/31/2006,STANDARD,727,6.63,DOMESTIC,7/13/2004,35.661722,114.219861
FALSE,3.54629E+14,B-28-16 34BBD1,,61.8,4059.2,11/8/1995,STANDARD,108,8,DOMESTIC,1/1/1952,35.775278,113.986944
FALSE,3.51802E+14,B-22-17 14BBD,207096,,,,STANDARD,180,6.5,DOMESTIC,4/9/2005,35.300472,114.072
FALSE,3.51858E+14,B-22-17 11ABA,625003,57.5,3787.5,12/5/1985,STANDARD,120,8,UNUSED,12/1/1977,35.316111,114.063056
FALSE,3.52538E+14,B-24-16 35AAA,581226,656.6,2505.4,2/9/2018,STANDARD,905,8.62,DOMESTIC,7/13/2000,35.427333,113.940306
FALSE,3.52911E+14,B-24-16 05CCC,223771,476.9,2488.1,2/27/2018,STANDARD,650,24,UNUSED,10/26/2014,35.486278,114.010611
FALSE,3.53705E+14,B-26-17 25BBB,84693,,,,STANDARD,258,6,UNUSED,6/30/1980,35.6175,114.06
FALSE,3.53829E+14,B-26-16 18ADC,223822,254.2,2505.8,3/1/2018,STANDARD,1240,24,UNUSED,11/10/2014,35.641444,114.029417
FALSE,3.53924E+14,B-26-18 11ADC1,511088,645.6,2834.4,1/31/2006,STANDARD,850,7,UNUSED,6/20/1985,35.656556,114.170861
FALSE,3.54414E+14,B-27-18 07CBD2,,23.8,3978.2,3/22/2023,STANDARD,65,8.62,STOCK,,35.738972,114.252639
FALSE,3.5175E+14,B-22-17 14BCB1,209038,,,,STANDARD,225,7,DOMESTIC,9/22/2005,35.297306,114.074694
FALSE,3.52348E+14,B-23-14 11BBD,918827,,,,STANDARD,780,8.63,MINING,11/4/2015,35.396778,113.741444
FALSE,3.52744E+14,B-24-13 18CAD,,,,,STANDARD,,,UNUSED,,35.462222,113.710833
FALSE,3.5284E+14,B-24-16 10CAA,525381,409.3,2508.7,1/12/2006,STANDARD,1111,16,IRRIGATION,11/2/1989,35.477222,113.969056
FALSE,3.52959E+14,B-24-15 05BBD,575396,472,2518,9/20/1999,STANDARD,806,7,UNUSED,9/20/1999,35.499611,113.901917
FALSE,3.53624E+14,B-26-15 25DDA,87201,186.1,3818.9,2/8/2018,STANDARD,200,8.62,STOCK,2/24/1981,35.606444,113.831278
FALSE,3.53857E+14,B-26-18 11DCD,515291,,,,STANDARD,508,6,DOMESTIC,9/4/1986,35.649167,114.172778
FALSE,3.54023E+14,B-26-18 05BAD,509650,,,,STANDARD,700,7,DOMESTIC,12/20/1984,35.674,114.228472
FALSE,3.51226E+14,B-21-15 17ADA,544254,600,3415,3/14/2005,STANDARD,763,8.62,DOMESTIC,7/24/1994,35.207194,113.888111
FALSE,3.51954E+14,B-23-17 35DDD,227105,,,,STANDARD,525,7,DOMESTIC,4/11/2017,35.331667,114.057028
FALSE,3.52133E+14,B-23-17 23CDD,,,,,STANDARD,,,STOCK,,35.359167,114.065833
FALSE,3.5234E+14,B-23-16 09BCB,632333,511.5,2846.5,2/9/2018,STANDARD,710,4,UNUSED,3/28/1980,35.394944,113.992417
FALSE,3.52853E+14,B-24-15 11BCA,593660,,,,STANDARD,760,8.62,DOMESTIC,10/9/2002,35.481472,113.84925
FALSE,3.53153E+14,B-25-15 25BBA,915378,530,2533,3/27/2013,STANDARD,635,8.5,STOCK,3/27/2013,35.531306,113.844833
FALSE,3.53725E+14,B-26-15 23DAC,606682,102.6,3680.4,2/10/2006,STANDARD,400,10,STOCK,1/1/1971,35.623417,113.851
FALSE,3.5224E+14,B-23-16 17ACD,806780,78.7,3374.3,2/9/2018,STANDARD,,12,UNUSED,,35.377778,113.999444
FALSE,3.52334E+14,B-23-17 11CAA,,,,,STANDARD,,,STOCK,,35.392778,114.063333
FALSE,3.52632E+14,B-24-16 27AAA,224534,544.1,2484.9,2/7/2018,STANDARD,905,30,IRRIGATION,11/10/2015,35.442361,113.958056
FALSE,3.52909E+14,B-24-16 10AAA1,523211,,,,STANDARD,2220,8.62,UNUSED,9/24/1989,35.485748,113.958778
FALSE,3.53947E+14,B-26-18 03CCC,511036,544.4,2875.6,1/26/2006,STANDARD,635,7,DOMESTIC,5/15/1985,35.663,114.201917
FALSE,3.54147E+14,B-27-16 25DBD,,,,,STANDARD,,,UNUSED,,35.696389,113.940833
FALSE,3.5103E+14,B-21-15 26BDD,,14.53,4415.47,4/7/1952,STANDARD,48,,STOCK,,35.175,113.845833
FALSE,3.5164E+14,B-22-14 19ADB,604202,49.1,4210.9,2/6/2018,STANDARD,60,,STOCK,,35.277915,113.801223
FALSE,3.51828E+14,B-22-17 11CAA,602521,,,,STANDARD,130,8,DOMESTIC,9/12/1977,35.307778,114.067222
FALSE,3.52205E+14,B-23-17 24ADD,806693,38,3751,11/8/1995,STANDARD,200,8.62,UNUSED,,35.368056,114.040556
FALSE,3.52339E+14,B-23-16E07BDA,805841,168.6,3481.4,3/12/1980,STANDARD,430,6.63,DOMESTIC,3/1/1978,35.394167,114.021667
FALSE,3.52748E+14,B-24-17 17CCC1,647549,20,3880,12/1/1964,STANDARD,70,,STOCK,,35.463333,114.125556
FALSE,3.54608E+14,B-28-17 33CBC,920193,320.8,2531.2,2/26/2018,STANDARD,1000,20,COMMERCIAL,2/1/2017,35.768917,114.113583
FALSE,3.50812E+14,B-20-15 08ABB,,,,,STANDARD,,,STOCK,,35.136667,113.884722
FALSE,3.50838E+14,B-20-15 06DAB,,,,,STANDARD,,,DOMESTIC,,35.143889,113.899722
FALSE,3.51131E+14,B-21-15 19AC,,,,,STANDARD,,,STOCK,,35.191944,113.907222
FALSE,3.51713E+14,B-22-17 22AAB2,,,,,STANDARD,,8,UNUSED,,35.286944,114.078333
FALSE,3.51739E+14,B-22-17 15DAB,631625,,,,STANDARD,50,,DOMESTIC,,35.294167,114.072778
FALSE,3.51758E+14,B-22-15 12DDA1,,173.1,3876.9,2/29/1980,STANDARD,,6,UNUSED,,35.299444,113.816667
FALSE,3.52214E+14,B-23-14 13CCC3,,72.8,3492.2,2/27/2018,STANDARD,,6,DOMESTIC,,35.370834,113.725914
FALSE,3.52705E+14,B-24-16 W19BDD,587596,369.6,2850.4,2/13/2018,STANDARD,445,7,DOMESTIC,7/13/2001,35.451333,114.030972
FALSE,3.52911E+14,B-24-16 03CDD,222876,424.3,2486.7,2/7/2018,STANDARD,840,16,UNUSED,5/1/2014,35.486444,113.967389
FALSE,3.5332E+14,B-25-18 13AAC,,,,,STANDARD,,,UNUSED,,35.555556,114.149167
FALSE,3.53618E+14,B-26-16 29DDD,600496,303.5,2500.5,3/30/2023,STANDARD,710,16,UNUSED,12/19/1979,35.605028,114.008028
FALSE,3.51345E+14,B-21-16 W06CBC1,617205,258.9,3176.1,4/5/2023,STANDARD,480,,UNUSED,,35.229139,114.039194
FALSE,3.52027E+14,B-23-17 35BDB,642958,102.5,3892.5,5/23/1980,STANDARD,295,4,UNUSED,5/22/1980,35.340833,114.069444
FALSE,3.52128E+14,B-23-17 28AAB,631621,5.5,4463.5,2/27/1980,STANDARD,25,,UNUSED,,35.357778,114.095278
FALSE,3.52304E+14,B-23-15 08DDD,624999,411.2,2718.8,3/29/2023,STANDARD,929,20,PUBLIC SUPPLY,1/1/1964,35.384583,113.889194
FALSE,3.52606E+14,B-24-16 28DBA,919731,570,2540,8/3/2016,STANDARD,710,10,UNUSED,8/3/2016,35.435111,113.981417
FALSE,3.53717E+14,B-26-15 24CBD,,,,,STANDARD,,6,UNUSED,,35.622778,113.843889
FALSE,3.50956E+14,B-21-15 33BBB,631348,56.2,4563.8,3/16/2023,STANDARD,700,,DOMESTIC,1/1/1963,35.165917,113.886722
FALSE,3.51016E+14,B-21-15 26CAD2,631355,60.79,4421.21,1/7/1991,STANDARD,220,6.63,STOCK,8/31/1970,35.171111,113.845833
FALSE,3.521E+14,B-23-14 26BDA,918058,,,,STANDARD,211,7,DOMESTIC,4/6/2015,35.350083,113.736722
FALSE,3.52353E+14,B-23-17 08ADB,,,,,STANDARD,,,STOCK,,35.398056,114.113889
FALSE,3.52728E+14,B-24-13 19BBA,,,,,STANDARD,,,STOCK,,35.457778,113.714722
FALSE,3.5314E+14,B-25-14 27AAC,592605,202.8,3357.2,2/28/2018,STANDARD,405,8.5,STOCK,6/13/2002,35.527639,113.7625
FALSE,3.53731E+14,B-26-17 23CBB2,86254,258.2,2500.8,11/8/1995,STANDARD,650,14,IRRIGATION,6/12/1981,35.625,114.077889
FALSE,3.53841E+14,B-26-18 17AAA,525065,,,,STANDARD,685,8,DOMESTIC,10/23/1989,35.644722,114.220278
FALSE,3.54028E+14,B-26-19 02ABB,641792,50.2,3889.8,3/23/2023,STANDARD,70,3,STOCK,,35.675361,114.281194
FALSE,3.54645E+14,B-28-17 29CCC,920192,475,2390,1/4/2017,STANDARD,1000,20,IRRIGATION,2/1/2017,35.779278,114.131139
FALSE,3.51604E+14,B-22-15 29BBB,230187,,,,STANDARD,1370,32,IRRIGATION,5/23/2019,35.26775,113.905278
FALSE,3.51745E+14,B-22-17 14ADC,205000,,,,STANDARD,355,7,DOMESTIC,10/12/2004,35.295778,114.06025
FALSE,3.51952E+14,B-23-15 36DBA,,,,,STANDARD,,,STOCK,,35.333056,113.821667
FALSE,3.51953E+14,B-23-17 33DDB,642242,12,4708,1/1/1964,STANDARD,15,,STOCK,,35.331389,114.093056
FALSE,3.52412E+14,B-23-17 05CDD,,,,,STANDARD,,,STOCK,,35.403333,114.115278
FALSE,3.52516E+14,B-24-14 35BDC,595066,169.7,3380.3,2/27/2018,STANDARD,,7,UNUSED,12/24/2002,35.42125,113.739611
FALSE,3.52607E+14,B-24-15 26CBB,594194,,,,STANDARD,730,8.62,DOMESTIC,8/12/2002,35.435306,113.851472
FALSE,3.53012E+14,B-25-15 33DDC,914301,,,,STANDARD,595,8.63,STOCK,5/4/2012,35.503278,113.885083
FALSE,3.52057E+14,B-23-14 26BDC,577263,112.9,4125.1,2/27/2018,STANDARD,165,7,DOMESTIC,1/23/1999,35.349111,113.738639
FALSE,3.52215E+14,B-23-15 13CDA,,,,,STANDARD,,,STOCK,,35.373611,113.827778
FALSE,3.52223E+14,B-23-16 17CDA,,92.6,3387.4,3/12/1980,STANDARD,290,6.63,UNUSED,3/1/1978,35.373056,114.001944
FALSE,3.52528E+14,B-24-15 32ABD,604196,507.7,2511.3,1/17/2006,STANDARD,850,20,UNUSED,10/4/1974,35.424528,113.891944
FALSE,3.52607E+14,B-24-16 27ACC,223920,580.2,2482.8,3/29/2023,STANDARD,705,24,IRRIGATION,12/12/2014,35.435389,113.9665
FALSE,3.52727E+14,B-24-16 15DDD,225227,486.2,2485.8,3/28/2023,STANDARD,1017,30,IRRIGATION,10/14/2015,35.457444,113.958056
FALSE,3.52911E+14,B-24-16 05CDD,222890,455.5,2489.5,3/28/2023,STANDARD,800,16,IRRIGATION,11/2/2013,35.486389,114.002306
FALSE,3.60031E+14,B-30-17 07BAA,,,,,STANDARD,,,UNUSED,,36.008611,114.150556
FALSE,3.51126E+14,B-21-16 24BDA,631345,78.4,3901.6,1/7/1991,STANDARD,85,8,STOCK,,35.190528,113.933583
FALSE,3.51642E+14,B-22-14 19ADA,604201,33.2,4231.8,2/6/2018,STANDARD,180,8,UNUSED,,35.278388,113.799697
FALSE,3.52059E+14,B-23-14 28ACA,,,,,STANDARD,,,STOCK,,35.349722,113.764444
FALSE,3.52226E+14,B-23-16 W18CAD,593206,,,,STANDARD,264,7,DOMESTIC,10/31/2002,35.373889,114.030056
FALSE,3.5266E+14,B-24-15 19ACC,223890,477.2,2503.8,2/7/2018,STANDARD,1000,24,IRRIGATION,10/28/2014,35.449917,113.913028
FALSE,3.53826E+14,B-26-19 13BCD,216727,354,3331,11/17/2007,STANDARD,680,8.5,DOMESTIC,11/17/2007,35.640694,114.270639
FALSE,3.51216E+14,B-21-15 17BCC,572372,280.5,3718.5,1/16/2006,STANDARD,400,8.62,DOMESTIC,9/17/1999,35.204556,113.902806
FALSE,3.51222E+14,B-21-17 13DBB,,303,3227,1/1/1966,STANDARD,518,,DOMESTIC,1/1/1966,35.206111,114.046667
FALSE,3.51257E+14,B-21-16 W07CBC,913607,225.7,3226.3,3/10/2023,STANDARD,800,8.63,UNUSED,9/7/2011,35.215833,114.039028
FALSE,3.51555E+14,B-22-16 26BAC,605484,615.4,2719.6,3/15/2023,STANDARD,1247,14,INDUSTRIAL,1/1/1967,35.265361,113.952306
FALSE,3.52439E+14,B-23-16 03BDB,583006,650.9,2545.1,4/26/2006,STANDARD,775,7,DOMESTIC,9/12/2000,35.410861,113.972056
FALSE,3.52909E+14,B-24-16 10BBB,224134,414,2488,12/14/2014,STANDARD,1000,24,IRRIGATION,12/14/2014,35.485889,113.975306
FALSE,3.53326E+14,B-25-17 17BAD,,57.7,3101.3,3/30/2023,STANDARD,220,10.75,STOCK,11/1/1967,35.557306,114.123306
FALSE,3.54637E+14,B-28-17 31AAA,208801,526.5,2348.5,2/6/2018,STANDARD,1000,16,OTHER,11/26/2005,35.776889,114.133083
FALSE,3.54836E+14,B-28-18 13CDA,203012,541.9,2300.1,1/19/2006,STANDARD,950,6.62,PUBLIC SUPPLY,6/25/2004,35.810028,114.15825
FALSE,3.55527E+14,B-29-18 11AAA,621794,296.6,1906.4,12/5/1985,STANDARD,550,8,UNUSED,,35.923194,114.174778
FALSE,3.50901E+14,B-20-15 05BBC,631352,720,4220,1/1/1964,STANDARD,785,6,DOMESTIC,,35.150278,113.896667
FALSE,3.51557E+14,B-22-14 30ABD,,,,,STANDARD,30,,UNUSED,,35.265833,113.802222
FALSE,3.52713E+14,B-24-14 19ABD,535306,755.3,2504.7,11/9/1995,STANDARD,1020,6.62,STOCK,7/15/1992,35.454028,113.803833
FALSE,3.52723E+14,B-24-15 19AAA,916700,490.8,2500.2,2/7/2018,STANDARD,980,24,IRRIGATION,11/2/2014,35.456472,113.905806
FALSE,3.52745E+14,B-24-17 14CDD2,,10.6,3429.4,2/27/1980,STANDARD,40,8,UNUSED,,35.4625,114.066389
FALSE,3.53154E+14,B-25-16 23CCC,508148,365,2502,10/4/2023,STANDARD,500,7,STOCK,6/4/1985,35.53175,113.971028
