<metadata><idinfo><citation><citeinfo><origin>IPUMS National Historical Geographic Information System, University of Minnesota</origin><pubdate>2020</pubdate><title>NHGIS 2020 County Boundary File: United States and Puerto Rico</title><edition>2020</edition><geoform>vector digital data</geoform><onlink>https://www.nhgis.org</onlink></citeinfo></citation><descript><abstract>&lt;DIV STYLE="text-align:Left;"&gt;&lt;P&gt;&lt;SPAN&gt;The IPUMS National Historical Geographic Information System (NHGIS) provides free online access to summary statistics and GIS files for U.S. censuses and other nationwide surveys from 1790 through the present. NHGIS boundary files are derived primarily from the U.S. Census Bureau's TIGER/Line files with numerous additions to represent historical (1790-1980) boundaries that do not appear in TIGER/Line files. For more recent boundary files (1990 or later), NHGIS typically makes only a few key changes to the TIGER/Line source: (1) we merge files that are available only for individual states or counties to produce new nationwide or statewide files, (2) we project the data into Esri's USA Contiguous Albers Equal Area Conic Projected Coordinate System, (3) we add a GISJOIN attribute field, which supplies standard identifiers that correspond to the GISJOIN identifiers in NHGIS data tables, (4) we rename files to use the NHGIS naming style and geographic-level codes, (5) we add NHGIS-specific metadata, and (6) most substantially, we erase coastal water areas to produce polygons that terminate at the U.S. coasts and Great Lakes shores.&lt;/SPAN&gt;&lt;/P&gt;&lt;P&gt;&lt;SPAN&gt;NHGIS derived this shapefile from the U.S. Census Bureau's 2020 TIGER/Line Shapefiles.&lt;/SPAN&gt;&lt;/P&gt;&lt;/DIV&gt;</abstract><purpose>This file is provided by the IPUMS National Historical Geographic Information System (NHGIS) to depict the geographic features that correspond to summary data from the U.S. 2020 Decennial Census and American Community Survey, for the entire U.S. and Puerto Rico, at the geographic summary level of County.</purpose></descript><timeperd><timeinfo><rngdates><begdate>201906</begdate><enddate>202005</enddate></rngdates></timeinfo><current>Publication Date</current></timeperd><status><progress>Complete</progress><update>No changes or updates will be made to this version of the TIGER/Line Shapefiles.  Future releases of TIGER/Line Shapefiles will reflect updates made to the Census MAF/TIGER database.</update></status><spdom><bounding><westbc>-179.231086</westbc><eastbc>179.859681</eastbc><northbc>71.441059</northbc><southbc>-14.601813</southbc></bounding></spdom><keywords/><accconst>None</accconst><useconst>&lt;DIV STYLE="text-align:Left;"&gt;&lt;P&gt;&lt;SPAN&gt;All persons are granted a limited license to use data and documentation from IPUMS NHGIS, subject to the following conditions:&lt;/SPAN&gt;&lt;/P&gt;&lt;P&gt;&lt;SPAN&gt;Redistribution: You will not redistribute the data without permission. You may publish a subset of the data to meet journal requirements for accessing data related to a particular publication. Contact us for permission for any other redistribution; we will consider requests for free and commercial redistribution.&lt;/SPAN&gt;&lt;/P&gt;&lt;P&gt;&lt;SPAN&gt;Citation: You will cite NHGIS appropriately. Publications and research reports should include the following citation:&lt;/SPAN&gt;&lt;/P&gt;&lt;P&gt;&lt;SPAN&gt;Steven Manson, Jonathan Schroeder, David Van Riper, and Steven Ruggles. IPUMS National Historical Geographic Information System: Version 16.0 [dataset]. Minneapolis, MN: IPUMS. 2021. http://doi.org/10.18128/D050.V16.0&lt;/SPAN&gt;&lt;/P&gt;&lt;P&gt;&lt;SPAN&gt;Users may also choose to cite the latest version of IPUMS NHGIS, as specified at https://www.nhgis.org/research/citation.&lt;/SPAN&gt;&lt;/P&gt;&lt;P&gt;&lt;SPAN&gt;For policy briefs, online resources, or articles in the popular press, we recommend that you cite the use of NHGIS data as follows:&lt;/SPAN&gt;&lt;/P&gt;&lt;P&gt;&lt;SPAN&gt;IPUMS NHGIS, University of Minnesota, www.nhgis.org&lt;/SPAN&gt;&lt;/P&gt;&lt;P&gt;&lt;SPAN&gt;These terms of use are a legally binding agreement. You can use the data only in accordance with these terms, and any other use is a violation of the agreement. Violations may result in revocation of the agreement and prohibition from using other IPUMS data. If IPUMS or our partners are harmed from your violation, you are responsible for all damages, including reasonable attorney's fees and expenses.&lt;/SPAN&gt;&lt;/P&gt;&lt;P&gt;&lt;SPAN&gt;In addition, we request that users send us a copy of any publications, research reports, or educational material making use of the data or documentation.&lt;/SPAN&gt;&lt;/P&gt;&lt;P&gt;&lt;SPAN&gt;Send electronic material to: nhgis@umn.edu.&lt;/SPAN&gt;&lt;/P&gt;&lt;P&gt;&lt;SPAN&gt;Printed material should be sent to:&lt;/SPAN&gt;&lt;/P&gt;&lt;P&gt;&lt;SPAN&gt;IPUMS NHGIS, Institute for Social Research and Data Innovation, University of Minnesota, 50 Willey Hall, 225 19th Ave S, Minneapolis, MN 55455&lt;/SPAN&gt;&lt;/P&gt;&lt;P&gt;&lt;SPAN&gt;If these data are altered or incorporated into another dataset, they are not to be redistributed without also: altering the name of the dataset, including a Content Standards for Digital Geospatial Metadata (FGDC-STD-001-1998) compliant metadata file that describes the dataset and reflects the alteration steps that makes the new dataset different from this one, and citing this dataset in the metadata as a source for the altered dataset&lt;/SPAN&gt;&lt;/P&gt;&lt;P&gt;&lt;SPAN&gt;The TIGER/Line Shapefile products are not copyrighted however TIGER/Line and Census TIGER are registered trademarks of the U.S. Census Bureau. These products are free to use in a product or publication, however acknowledgement must be given to the U.S. Census Bureau as the source.&lt;/SPAN&gt;&lt;/P&gt;&lt;P&gt;&lt;SPAN&gt;The boundary information in the TIGER/Line Shapefiles are for statistical data collection and tabulation purposes only; their depiction and designation for statistical purposes does not constitute a determination of jurisdictional authority or rights of ownership or entitlement and they are not legal land descriptions.Coordinates in the TIGER/Line shapefiles have six implied decimal places, but the positional accuracy of these coordinates is not as great as the six decimal places suggest.&lt;/SPAN&gt;&lt;/P&gt;&lt;/DIV&gt;</useconst><ptcontac><cntinfo/></ptcontac></idinfo><dataqual><attracc><attraccr>Accurate against National Standard Codes, Federal Information Processing (FIPS) and the Geographic Names Information System (GNIS) at the 100% level for the codes and base names.  The remaining attribute information has been examined but has not been fully tested for accuracy.</attraccr></attracc><logic>The Census Bureau performed automated tests to ensure logical consistency and limits of shapefiles.  Segments making up the outer and inner boundaries of a polygon tie end-to-end to completely enclose the area.  All polygons are tested for closure.
The Census Bureau uses its internally developed geographic update system to enhance and modify spatial and attribute data in the Census MAF/TIGER database.  Standard geographic codes, such as FIPS codes for states, counties, municipalities, county subdivisions, places, American Indian/Alaska Native/Native Hawaiian areas, and congressional districts are used when encoding spatial entities.  The Census Bureau performed spatial data tests for logical consistency of the codes during the compilation of the original Census MAF/TIGER database files.  Most of the codes for geographic entities except states, counties, urban areas, Core Based Statistical Areas (CBSAs), American Indian Areas (AIAs), and congressional districts were provided to the Census Bureau by the USGS, the agency responsible for maintaining the Geographic Names Information System (GNIS).  Feature attribute information has been examined but has not been fully tested for consistency.
For the TIGER/Line Shapefiles, the Point and Vector Object Count for the G-polygon SDTS Point and Vector Object Type reflects the number of records in the shapefile attribute table.  For multi-polygon features, only one attribute record exists for each multi-polygon rather than one attribute record per individual G-polygon component of the multi-polygon feature.  TIGER/Line Shapefile multi-polygons are an exception to the G-polygon object type classification.  Therefore, when multi-polygons exist in a shapefile, the object count will be less than the actual number of G-polygons.</logic><complete>Data completeness of the TIGER/Line Shapefiles reflects the contents of the Census MAF/TIGER database at the time the TIGER/Line Shapefiles were created.</complete><lineage><srcinfo><srccite><citeinfo><origin>U.S. Department of Commerce, U.S. Census Bureau, Geography Division</origin><pubdate>Unpublished material</pubdate><title>Census MAF/TIGER database</title></citeinfo></srccite><typesrc>online</typesrc><srctime><timeinfo><rngdates><begdate>201906</begdate><enddate>202005</enddate></rngdates></timeinfo><srccurr>Publication Date</srccurr></srctime><srccitea>MAF/TIGER</srccitea><srccontr>All line segments</srccontr></srcinfo><procstep><procdesc>TIGER/Line Shapefiles are extracted from the Census MAF/TIGER database by nation, state, county, and entity.  Census MAF/TIGER data for all of the aforementioned geographic entities are then distributed among the shapefiles each containing attributes for line, polygon, or landmark geographic data. </procdesc><srcused>MAF/TIGER</srcused><procdate>2020</procdate></procstep></lineage></dataqual><spdoinfo><indspref>Federal Information Processing Series (FIPS), Geographic Names Information System (GNIS), and feature names.</indspref><direct>Vector</direct><ptvctinf><esriterm Name="AZ_county_2020"><efeatyp Sync="TRUE">Simple</efeatyp><efeageom code="4" Sync="TRUE"></efeageom><esritopo Sync="TRUE">FALSE</esritopo><efeacnt Sync="TRUE">0</efeacnt><spindex Sync="TRUE">FALSE</spindex><linrefer Sync="TRUE">FALSE</linrefer></esriterm></ptvctinf></spdoinfo><spref/><eainfo><detailed Name="AZ_county_2020"><enttyp><enttypl>COUNTY.shp</enttypl><enttypd>County Boundaries, United States and Puerto Rico</enttypd><enttypds>IPUMS NHGIS</enttypds><enttypt Sync="TRUE">Feature Class</enttypt><enttypc Sync="TRUE">0</enttypc></enttyp><attr><attrlabl Sync="TRUE">FID</attrlabl><attalias Sync="TRUE">FID</attalias><attrtype Sync="TRUE">OID</attrtype><attwidth Sync="TRUE">4</attwidth><atprecis Sync="TRUE">0</atprecis><attscale Sync="TRUE">0</attscale><attrdef Sync="TRUE">Internal feature number.</attrdef><attrdefs Sync="TRUE">Esri</attrdefs><attrdomv><udom Sync="TRUE">Sequential unique whole numbers that are automatically generated.</udom></attrdomv></attr><attr><attrlabl Sync="TRUE">Shape</attrlabl><attalias Sync="TRUE">Shape</attalias><attrtype Sync="TRUE">Geometry</attrtype><attwidth Sync="TRUE">0</attwidth><atprecis Sync="TRUE">0</atprecis><attscale Sync="TRUE">0</attscale><attrdef Sync="TRUE">Feature geometry.</attrdef><attrdefs Sync="TRUE">Esri</attrdefs><attrdomv><udom Sync="TRUE">Coordinates defining the features.</udom></attrdomv></attr><attr><attrlabl>STATEFP</attrlabl><attrdef>Current state Federal Information Processing Series (FIPS) code</attrdef><attrdefs>U.S. Census Bureau</attrdefs><attrdomv><codesetd><codesetn>National Standard Codes (ANSI INCITS 38-2009), Federal Information Processing Series (FIPS) - States/State Equivalents</codesetn><codesets>U.S. Census Bureau</codesets></codesetd></attrdomv><attalias Sync="TRUE">STATEFP</attalias><attrtype Sync="TRUE">String</attrtype><attwidth Sync="TRUE">2</attwidth><atprecis Sync="TRUE">0</atprecis><attscale Sync="TRUE">0</attscale></attr><attr><attrlabl>COUNTYFP</attrlabl><attrdef>Current county Federal Information Processing Series (FIPS) code</attrdef><attrdefs>U.S. Census Bureau</attrdefs><attrdomv><codesetd><codesetn>National Standard Codes (ANSI INCITS 31-2009), Federal Information Processing Series (FIPS) - Counties/County Equivalents</codesetn><codesets>U.S. Census Bureau</codesets></codesetd></attrdomv><attalias Sync="TRUE">COUNTYFP</attalias><attrtype Sync="TRUE">String</attrtype><attwidth Sync="TRUE">3</attwidth><atprecis Sync="TRUE">0</atprecis><attscale Sync="TRUE">0</attscale></attr><attr><attrlabl>COUNTYNS</attrlabl><attrdef>Current county GNIS code</attrdef><attrdefs>U.S. Census Bureau</attrdefs><attrdomv><codesetd><codesetn>INCITS 446:2008 (Geographic Names Information System (GNIS)), Identifying Attributes for Named Physical and Cultural Geographic Features (Except Roads and Highways) of the United States, Its Territories, Outlying Areas, and Freely Associated Areas, and the Waters of the Same to the Limit of the Twelve-Mile Statutory Zone</codesetn><codesets>U.S. Geological Survey (USGS)</codesets></codesetd></attrdomv><attalias Sync="TRUE">COUNTYNS</attalias><attrtype Sync="TRUE">String</attrtype><attwidth Sync="TRUE">8</attwidth><atprecis Sync="TRUE">0</atprecis><attscale Sync="TRUE">0</attscale></attr><attr><attrlabl>GEOID</attrlabl><attrdef>County identifier; a concatenation of Current state FIPS code and county FIPS code</attrdef><attrdefs>U.S. Census Bureau</attrdefs><attrdomv><udom>The GEOID attribute is a concatenation of the state FIPS code followed by the county FIPS code. No spaces are allowed between the two codes. The State FIPS code is taken from "National Standard Codes (ANSI INCITS 38-2009), Federal Information Processing Series (FIPS) - States". The county FIPS code is taken from "National Standard Codes (ANSI INCITS 31-2009), Federal Information Processing Series (FIPS) - Counties/County Equivalents".</udom></attrdomv><attalias Sync="TRUE">GEOID</attalias><attrtype Sync="TRUE">String</attrtype><attwidth Sync="TRUE">5</attwidth><atprecis Sync="TRUE">0</atprecis><attscale Sync="TRUE">0</attscale></attr><attr><attrlabl>NAME</attrlabl><attrdef>Current county name</attrdef><attrdefs>U.S. Census Bureau</attrdefs><attrdomv><codesetd><codesetn>National Standard Codes (ANSI INCITS 31-2009), Federal Information Processing Series (FIPS) - Counties/County Equivalents</codesetn><codesets>U.S. Census Bureau</codesets></codesetd></attrdomv><attalias Sync="TRUE">NAME</attalias><attrtype Sync="TRUE">String</attrtype><attwidth Sync="TRUE">100</attwidth><atprecis Sync="TRUE">0</atprecis><attscale Sync="TRUE">0</attscale></attr><attr><attrlabl>NAMELSAD</attrlabl><attrdef>Current name and the translated legal/statistical area description for county</attrdef><attrdefs>U.S. Census Bureau</attrdefs><attrdomv><udom>The NAMELSAD attribute is a concatenation of the county name followed by the translated legal/statistical area description. No spaces are allowed between the two codes.</udom></attrdomv><attalias Sync="TRUE">NAMELSAD</attalias><attrtype Sync="TRUE">String</attrtype><attwidth Sync="TRUE">100</attwidth><atprecis Sync="TRUE">0</atprecis><attscale Sync="TRUE">0</attscale></attr><attr><attrlabl>LSAD</attrlabl><attrdef>Current legal/statistical area description code for county</attrdef><attrdefs>U.S. Census Bureau</attrdefs><attrdomv><edom><edomv>00</edomv><edomvd>Blank</edomvd><edomvds>U.S. Census Bureau</edomvds></edom></attrdomv><attrdomv><edom><edomv>03</edomv><edomvd>City and Borough (suffix)</edomvd><edomvds>U.S. Census Bureau</edomvds></edom></attrdomv><attrdomv><edom><edomv>04</edomv><edomvd>Borough (suffix)</edomvd><edomvds>U.S. Census Bureau</edomvds></edom></attrdomv><attrdomv><edom><edomv>05</edomv><edomvd>Census Area (suffix)</edomvd><edomvds>U.S. Census Bureau</edomvds></edom></attrdomv><attrdomv><edom><edomv>06</edomv><edomvd>County (suffix)</edomvd><edomvds>U.S. Census Bureau</edomvds></edom></attrdomv><attrdomv><edom><edomv>07</edomv><edomvd>District (suffix)</edomvd><edomvds>U.S. Census Bureau</edomvds></edom></attrdomv><attrdomv><edom><edomv>10</edomv><edomvd>Island (suffix)</edomvd><edomvds>U.S. Census Bureau</edomvds></edom></attrdomv><attrdomv><edom><edomv>12</edomv><edomvd>Municipality (suffix)</edomvd><edomvds>U.S. Census Bureau</edomvds></edom></attrdomv><attrdomv><edom><edomv>13</edomv><edomvd>Municipio (suffix)</edomvd><edomvds>U.S. Census Bureau</edomvds></edom></attrdomv><attrdomv><edom><edomv>15</edomv><edomvd>Parish (suffix)</edomvd><edomvds>U.S. Census Bureau</edomvds></edom></attrdomv><attrdomv><edom><edomv>25</edomv><edomvd>city (suffix)</edomvd><edomvds>U.S. Census Bureau</edomvds></edom></attrdomv><attalias Sync="TRUE">LSAD</attalias><attrtype Sync="TRUE">String</attrtype><attwidth Sync="TRUE">2</attwidth><atprecis Sync="TRUE">0</atprecis><attscale Sync="TRUE">0</attscale></attr><attr><attrlabl>CLASSFP</attrlabl><attrdef>Current Federal Information Processing Series (FIPS) class code</attrdef><attrdefs>U.S. Census Bureau</attrdefs><attrdomv><edom><edomv>C7</edomv><edomvd>An incorporated place that is independent of any county</edomvd><edomvds>U.S. Census Bureau</edomvds></edom></attrdomv><attrdomv><edom><edomv>H1</edomv><edomvd>An active county or equivalent feature</edomvd><edomvds>U.S. Census Bureau</edomvds></edom></attrdomv><attrdomv><edom><edomv>H4</edomv><edomvd>An inactive county or equivalent feature</edomvd><edomvds>U.S. Census Bureau</edomvds></edom></attrdomv><attrdomv><edom><edomv>H5</edomv><edomvd>A statistical county equivalent feature</edomvd><edomvds>U.S. Census Bureau</edomvds></edom></attrdomv><attrdomv><edom><edomv>H6</edomv><edomvd>A county that is coextensive with an incorporated place, part of an incorporated place, or a consolidated city and the governmental functions of the county are part of the municipal government</edomvd><edomvds>U.S. Census Bureau</edomvds></edom></attrdomv><attalias Sync="TRUE">CLASSFP</attalias><attrtype Sync="TRUE">String</attrtype><attwidth Sync="TRUE">2</attwidth><atprecis Sync="TRUE">0</atprecis><attscale Sync="TRUE">0</attscale></attr><attr><attrlabl>MTFCC</attrlabl><attrdef>MAF/TIGER feature class code</attrdef><attrdefs>U.S. Census Bureau</attrdefs><attrdomv><edom><edomv>G4020</edomv><edomvd>County or Equivalent Feature</edomvd><edomvds>U.S. Census Bureau</edomvds></edom></attrdomv><attalias Sync="TRUE">MTFCC</attalias><attrtype Sync="TRUE">String</attrtype><attwidth Sync="TRUE">5</attwidth><atprecis Sync="TRUE">0</atprecis><attscale Sync="TRUE">0</attscale></attr><attr><attrlabl>CSAFP</attrlabl><attrdef>Current combined statistical area code</attrdef><attrdefs>U.S. Census Bureau</attrdefs><attrdomv><rdom><rdommin>100</rdommin><rdommax>599</rdommax></rdom></attrdomv><attalias Sync="TRUE">CSAFP</attalias><attrtype Sync="TRUE">String</attrtype><attwidth Sync="TRUE">3</attwidth><atprecis Sync="TRUE">0</atprecis><attscale Sync="TRUE">0</attscale></attr><attr><attrlabl>CBSAFP</attrlabl><attrdef>Current metropolitan statistical area/micropolitan statistical area code</attrdef><attrdefs>U.S. Census Bureau</attrdefs><attrdomv><rdom><rdommin>10000</rdommin><rdommax>49999</rdommax></rdom></attrdomv><attalias Sync="TRUE">CBSAFP</attalias><attrtype Sync="TRUE">String</attrtype><attwidth Sync="TRUE">5</attwidth><atprecis Sync="TRUE">0</atprecis><attscale Sync="TRUE">0</attscale></attr><attr><attrlabl>METDIVFP</attrlabl><attrdef>Current metropolitan division code</attrdef><attrdefs>U.S. Census Bureau</attrdefs><attrdomv><rdom><rdommin>10004</rdommin><rdommax>49994</rdommax></rdom></attrdomv><attalias Sync="TRUE">METDIVFP</attalias><attrtype Sync="TRUE">String</attrtype><attwidth Sync="TRUE">5</attwidth><atprecis Sync="TRUE">0</atprecis><attscale Sync="TRUE">0</attscale></attr><attr><attrlabl>FUNCSTAT</attrlabl><attrdef>Current functional status</attrdef><attrdefs>U.S. Census Bureau</attrdefs><attrdomv><edom><edomv>A</edomv><edomvd>Active government providing primary general-purpose functions</edomvd><edomvds>U.S. Census Bureau</edomvds></edom></attrdomv><attrdomv><edom><edomv>B</edomv><edomvd>Active government that is partially consolidated with another government but with separate officials providing primary general-purpose functions</edomvd><edomvds>U.S. Census Bureau</edomvds></edom></attrdomv><attrdomv><edom><edomv>C</edomv><edomvd>Active government consolidated with another government with a single set of officials</edomvd><edomvds>U.S. Census Bureau</edomvds></edom></attrdomv><attrdomv><edom><edomv>F</edomv><edomvd>Fictitious Entity created to fill the Census Bureau geographic hierarchy</edomvd><edomvds>U.S. Census Bureau</edomvds></edom></attrdomv><attrdomv><edom><edomv>G</edomv><edomvd>Active government that is subordinate to another unit of government</edomvd><edomvds>U.S. Census Bureau</edomvds></edom></attrdomv><attrdomv><edom><edomv>N</edomv><edomvd>Nonfunctioning legal entity</edomvd><edomvds>U.S. Census Bureau</edomvds></edom></attrdomv><attrdomv><edom><edomv>S</edomv><edomvd>Statistical Entity</edomvd><edomvds>U.S. Census Bureau</edomvds></edom></attrdomv><attalias Sync="TRUE">FUNCSTAT</attalias><attrtype Sync="TRUE">String</attrtype><attwidth Sync="TRUE">1</attwidth><atprecis Sync="TRUE">0</atprecis><attscale Sync="TRUE">0</attscale></attr><attr><attrlabl>ALAND</attrlabl><attrdef>Current land area</attrdef><attrdefs>U.S. Census Bureau</attrdefs><attrdomv><rdom><rdommin>0</rdommin><rdommax>9,999,999,999,999</rdommax></rdom></attrdomv><attalias Sync="TRUE">ALAND</attalias><attrtype Sync="TRUE">Double</attrtype><attwidth Sync="TRUE">19</attwidth><atprecis Sync="TRUE">0</atprecis><attscale Sync="TRUE">0</attscale></attr><attr><attrlabl>AWATER</attrlabl><attrdef>Current water area</attrdef><attrdefs>U.S. Census Bureau</attrdefs><attrdomv><rdom><rdommin>0</rdommin><rdommax>9,999,999,999,999</rdommax></rdom></attrdomv><attalias Sync="TRUE">AWATER</attalias><attrtype Sync="TRUE">Double</attrtype><attwidth Sync="TRUE">19</attwidth><atprecis Sync="TRUE">0</atprecis><attscale Sync="TRUE">0</attscale></attr><attr><attrlabl>INTPTLAT</attrlabl><attrdef>Current latitude of the internal point</attrdef><attrdefs>U.S. Census Bureau</attrdefs><attrdomv><rdom><rdommin>-90.000000</rdommin><rdommax>90.000000</rdommax></rdom></attrdomv><attalias Sync="TRUE">INTPTLAT</attalias><attrtype Sync="TRUE">String</attrtype><attwidth Sync="TRUE">11</attwidth><atprecis Sync="TRUE">0</atprecis><attscale Sync="TRUE">0</attscale></attr><attr><attrlabl>INTPTLON</attrlabl><attrdef>Current longitude of the internal point</attrdef><attrdefs>U.S. Census Bureau</attrdefs><attrdomv><rdom><rdommin>-180.000000</rdommin><rdommax>180.000000</rdommax></rdom></attrdomv><attalias Sync="TRUE">INTPTLON</attalias><attrtype Sync="TRUE">String</attrtype><attwidth Sync="TRUE">12</attwidth><atprecis Sync="TRUE">0</atprecis><attscale Sync="TRUE">0</attscale></attr><attr><attrlabl Sync="TRUE">Shape_Area</attrlabl><attalias Sync="TRUE">Shape_Area</attalias><attrtype Sync="TRUE">Double</attrtype><attwidth Sync="TRUE">19</attwidth><atprecis Sync="TRUE">0</atprecis><attscale Sync="TRUE">0</attscale><attrdef Sync="TRUE">Area of feature in internal units squared.</attrdef><attrdefs Sync="TRUE">Esri</attrdefs><attrdomv><udom Sync="TRUE">Positive real numbers that are automatically generated.</udom></attrdomv></attr><attr><attrlabl Sync="TRUE">Shape_Leng</attrlabl><attalias Sync="TRUE">Shape_Leng</attalias><attrtype Sync="TRUE">Double</attrtype><attwidth Sync="TRUE">19</attwidth><atprecis Sync="TRUE">0</atprecis><attscale Sync="TRUE">0</attscale></attr><attr><attrlabl Sync="TRUE">Shape_Le_1</attrlabl><attalias Sync="TRUE">Shape_Le_1</attalias><attrtype Sync="TRUE">Double</attrtype><attwidth Sync="TRUE">19</attwidth><atprecis Sync="TRUE">0</atprecis><attscale Sync="TRUE">0</attscale></attr><attr><attrlabl Sync="TRUE">GISJOIN</attrlabl><attalias Sync="TRUE">GISJOIN</attalias><attrtype Sync="TRUE">String</attrtype><attwidth Sync="TRUE">8</attwidth><atprecis Sync="TRUE">0</atprecis><attscale Sync="TRUE">0</attscale><attrdef>Unique identifier for joining to NHGIS tabular data</attrdef><attrdefs>NHGIS</attrdefs></attr></detailed></eainfo><distinfo><distrib><cntinfo><cntorgp><cntorg>National Historical Geographic Information System (NHGIS), IPUMS, Institute for Social Research and Data Innovation (ISRDI), University of Minnesota</cntorg></cntorgp><cntaddr><addrtype>mailing</addrtype><address>50 Willey Hall, 225 19th Ave S</address><city>Minneapolis</city><state>MN</state><postal>55455</postal><country>United States</country></cntaddr><cntvoice>612-624-5818</cntvoice><cntfax>612-626-8375</cntfax><cntemail>nhgis@umn.edu</cntemail></cntinfo></distrib><distliab>No warranty, expressed or implied is made with regard to the accuracy of these data, and no liability is assumed by the U.S. Government in general or the U.S. Census Bureau in specific as to the spatial or attribute accuracy of the data.  The act of distribution shall not constitute any such warranty and no responsibility is assumed by the U.S. government in the use of these files.  The boundary information in the TIGER/Line Shapefiles is for statistical data collection and tabulation purposes only; their depiction and designation for statistical purposes do not constitute a determination of jurisdictional authority or rights of ownership or entitlement and they are not legal land descriptions.</distliab><stdorder><digform/><fees>IPUMS charges no fee for NHGIS data.</fees><ordering>See https://nhgis.org for information on how to request and download NHGIS data.</ordering></stdorder><techpreq>NHGIS shapefiles contain geographic data only and do not include display mapping software or statistical data. For information on how to use NHGIS shapefile data with a specific software package, contact the company that produced the software.</techpreq></distinfo><metainfo><metd>2020</metd><metc><cntinfo><cntorgp><cntorg>National Historical Geographic Information System (NHGIS), IPUMS, Institute for Social Research and Data Innovation (ISRDI), University of Minnesota</cntorg></cntorgp><cntaddr><addrtype>mailing</addrtype><address>50 Willey Hall, 225 19th Ave S</address><city>Minneapolis</city><state>MN</state><postal>55455</postal><country>United States</country></cntaddr><cntvoice>612-624-5818</cntvoice><cntfax>612-626-8375</cntfax><cntemail>nhgis@umn.edu</cntemail></cntinfo></metc><metstdn>FGDC Content Standards for Digital Geospatial Metadata</metstdn><metstdv>FGDC-STD-001-1998</metstdv></metainfo><dataIdInfo><envirDesc Sync="TRUE">Microsoft Windows 10 Version 10.0 (Build 26200) ; Esri ArcGIS 13.5.3.57366</envirDesc><dataLang><languageCode Sync="TRUE" value="eng"/><countryCode Sync="TRUE" value="USA"/></dataLang><idCitation><resTitle Sync="FALSE">NHGIS 2020 County Boundary File: United States and Puerto Rico</resTitle><presForm><PresFormCd Sync="TRUE" value="005"/></presForm><citRespParty><rpIndName>IPUMS NHGIS</rpIndName><rpOrgName>IPUMS</rpOrgName><role><RoleCd value="001"/></role><rpCntInfo><cntAddress addressType="both"><delPoint>50 Willey Hall - 225 19th Ave S</delPoint><city>Minneapolis</city><adminArea>MN</adminArea><postCode>55455</postCode><eMailAdd>nhgis@umn.edu</eMailAdd></cntAddress><cntPhone><voiceNum tddtty="">612-625-7375</voiceNum></cntPhone></rpCntInfo></citRespParty></idCitation><spatRpType><SpatRepTypCd Sync="TRUE" value="001"/></spatRpType><dataExt><geoEle><GeoBndBox esriExtentType="search"><exTypeCode Sync="TRUE">1</exTypeCode><westBL Sync="TRUE">-180.000000</westBL><eastBL Sync="TRUE">180.000000</eastBL><northBL Sync="TRUE">90.000000</northBL><southBL Sync="TRUE">0.096502</southBL></GeoBndBox></geoEle></dataExt><idPurp>This file is provided by the IPUMS National Historical Geographic Information System (NHGIS) to depict the geographic features that correspond to summary data from the U.S. 2020 Decennial Census and American Community Survey, for the entire U.S. and Puerto Rico, at the geographic summary level of County.</idPurp><idAbs>&lt;DIV STYLE="text-align:Left;"&gt;&lt;P&gt;&lt;SPAN&gt;The IPUMS National Historical Geographic Information System (NHGIS) provides free online access to summary statistics and GIS files for U.S. censuses and other nationwide surveys from 1790 through the present. NHGIS boundary files are derived primarily from the U.S. Census Bureau's TIGER/Line files with numerous additions to represent historical (1790-1980) boundaries that do not appear in TIGER/Line files. For more recent boundary files (1990 or later), NHGIS typically makes only a few key changes to the TIGER/Line source: (1) we merge files that are available only for individual states or counties to produce new nationwide or statewide files, (2) we project the data into Esri's USA Contiguous Albers Equal Area Conic Projected Coordinate System, (3) add a GISJOIN attribute field, which supplies standard identifiers that correspond to the GISJOIN identifiers in NHGIS data tables, (4) we rename files to use the NHGIS naming style and geographic-level codes, (5) we add NHGIS-specific metadata, and (6) most substantially, we erase coastal water areas to produce polygons that terminate at the U.S. coasts and Great Lakes shores.&lt;/SPAN&gt;&lt;/P&gt;&lt;P&gt;&lt;SPAN&gt;NHGIS derived this shapefile from the U.S. Census Bureau's 2020 TIGER/Line Shapefiles.&lt;/SPAN&gt;&lt;/P&gt;&lt;/DIV&gt;</idAbs><searchKeys/><resConst><Consts><useLimit>&lt;DIV STYLE="text-align:Left;"&gt;&lt;P&gt;&lt;SPAN&gt;All persons are granted a limited license to use data and documentation from IPUMS NHGIS, subject to the following conditions:&lt;/SPAN&gt;&lt;/P&gt;&lt;P&gt;&lt;SPAN&gt;Redistribution: You will not redistribute the data without permission. You may publish a subset of the data to meet journal requirements for accessing data related to a particular publication. Contact us for permission for any other redistribution; we will consider requests for free and commercial redistribution.&lt;/SPAN&gt;&lt;/P&gt;&lt;P&gt;&lt;SPAN&gt;Citation: You will cite NHGIS appropriately. Publications and research reports should include the following citation:&lt;/SPAN&gt;&lt;/P&gt;&lt;P&gt;&lt;SPAN&gt;Steven Manson, Jonathan Schroeder, David Van Riper, and Steven Ruggles. IPUMS National Historical Geographic Information System: Version 16.0 [dataset]. Minneapolis, MN: IPUMS. 2021. http://doi.org/10.18128/D050.V16.0&lt;/SPAN&gt;&lt;/P&gt;&lt;P&gt;&lt;SPAN&gt;Users may also choose to cite the latest version of IPUMS NHGIS, as specified at https://www.nhgis.org/research/citation.&lt;/SPAN&gt;&lt;/P&gt;&lt;P&gt;&lt;SPAN&gt;For policy briefs, online resources, or articles in the popular press, we recommend that you cite the use of NHGIS data as follows:&lt;/SPAN&gt;&lt;/P&gt;&lt;P&gt;&lt;SPAN&gt;IPUMS NHGIS, University of Minnesota, www.nhgis.org&lt;/SPAN&gt;&lt;/P&gt;&lt;P&gt;&lt;SPAN&gt;These terms of use are a legally binding agreement. You can use the data only in accordance with these terms, and any other use is a violation of the agreement. Violations may result in revocation of the agreement and prohibition from using other IPUMS data. If IPUMS or our partners are harmed from your violation, you are responsible for all damages, including reasonable attorney's fees and expenses.&lt;/SPAN&gt;&lt;/P&gt;&lt;P&gt;&lt;SPAN&gt;In addition, we request that users send us a copy of any publications, research reports, or educational material making use of the data or documentation.&lt;/SPAN&gt;&lt;/P&gt;&lt;P&gt;&lt;SPAN&gt;Send electronic material to: nhgis@umn.edu.&lt;/SPAN&gt;&lt;/P&gt;&lt;P&gt;&lt;SPAN&gt;Printed material should be sent to:&lt;/SPAN&gt;&lt;/P&gt;&lt;P&gt;&lt;SPAN&gt;IPUMS NHGIS, Institute for Social Research and Data Innovation, University of Minnesota, 50 Willey Hall, 225 19th Ave S, Minneapolis, MN 55455&lt;/SPAN&gt;&lt;/P&gt;&lt;P&gt;&lt;SPAN&gt;If these data are altered or incorporated into another dataset, they are not to be redistributed without also: altering the name of the dataset, including a Content Standards for Digital Geospatial Metadata (FGDC-STD-001-1998) compliant metadata file that describes the dataset and reflects the alteration steps that makes the new dataset different from this one, and citing this dataset in the metadata as a source for the altered dataset&lt;/SPAN&gt;&lt;/P&gt;&lt;P&gt;&lt;SPAN&gt;The TIGER/Line Shapefile products are not copyrighted however TIGER/Line and Census TIGER are registered trademarks of the U.S. Census Bureau. These products are free to use in a product or publication, however acknowledgement must be given to the U.S. Census Bureau as the source.&lt;/SPAN&gt;&lt;/P&gt;&lt;P&gt;&lt;SPAN&gt;The boundary information in the TIGER/Line Shapefiles are for statistical data collection and tabulation purposes only; their depiction and designation for statistical purposes does not constitute a determination of jurisdictional authority or rights of ownership or entitlement and they are not legal land descriptions.Coordinates in the TIGER/Line shapefiles have six implied decimal places, but the positional accuracy of these coordinates is not as great as the six decimal places suggest.&lt;/SPAN&gt;&lt;/P&gt;&lt;/DIV&gt;</useLimit></Consts></resConst></dataIdInfo><mdLang><languageCode Sync="TRUE" value="eng"/><countryCode Sync="TRUE" value="USA"/></mdLang><Esri><DataProperties><itemProps><itemName Sync="TRUE">AZ_county_2020</itemName><imsContentType Sync="TRUE">002</imsContentType><itemLocation><linkage Sync="TRUE">file://\\SHANE-TROVATO-L\C$\GEO_VIZ\Project 1\Data\AZ_county_2020\AZ_county_2020.shp</linkage><protocol Sync="TRUE">Local Area Network</protocol></itemLocation><nativeExtBox><westBL Sync="TRUE">-7115207.647400</westBL><eastBL Sync="TRUE">3321631.715700</eastBL><southBL Sync="TRUE">-1685018.477700</southBL><northBL Sync="TRUE">4591848.410800</northBL><exTypeCode Sync="TRUE">1</exTypeCode></nativeExtBox><itemSize Sync="TRUE">0.000</itemSize></itemProps><coordRef><type Sync="TRUE">Projected</type><geogcsn Sync="TRUE">GCS_North_American_1983</geogcsn><csUnits Sync="TRUE">Linear Unit: Meter (1.000000)</csUnits><peXml Sync="TRUE">&lt;ProjectedCoordinateSystem xsi:type='typens:ProjectedCoordinateSystem' xmlns:xsi='http://www.w3.org/2001/XMLSchema-instance' xmlns:xs='http://www.w3.org/2001/XMLSchema' xmlns:typens='http://www.esri.com/schemas/ArcGIS/3.5.0'&gt;&lt;WKT&gt;PROJCS[&amp;quot;USA_Contiguous_Albers_Equal_Area_Conic&amp;quot;,GEOGCS[&amp;quot;GCS_North_American_1983&amp;quot;,DATUM[&amp;quot;D_North_American_1983&amp;quot;,SPHEROID[&amp;quot;GRS_1980&amp;quot;,6378137.0,298.257222101]],PRIMEM[&amp;quot;Greenwich&amp;quot;,0.0],UNIT[&amp;quot;Degree&amp;quot;,0.0174532925199433]],PROJECTION[&amp;quot;Albers&amp;quot;],PARAMETER[&amp;quot;False_Easting&amp;quot;,0.0],PARAMETER[&amp;quot;False_Northing&amp;quot;,0.0],PARAMETER[&amp;quot;Central_Meridian&amp;quot;,-96.0],PARAMETER[&amp;quot;Standard_Parallel_1&amp;quot;,29.5],PARAMETER[&amp;quot;Standard_Parallel_2&amp;quot;,45.5],PARAMETER[&amp;quot;Latitude_Of_Origin&amp;quot;,37.5],UNIT[&amp;quot;Meter&amp;quot;,1.0],AUTHORITY[&amp;quot;Esri&amp;quot;,102003]]&lt;/WKT&gt;&lt;XOrigin&gt;-16901100&lt;/XOrigin&gt;&lt;YOrigin&gt;-8579000&lt;/YOrigin&gt;&lt;XYScale&gt;266467840.99085236&lt;/XYScale&gt;&lt;ZOrigin&gt;-100000&lt;/ZOrigin&gt;&lt;ZScale&gt;10000&lt;/ZScale&gt;&lt;MOrigin&gt;-100000&lt;/MOrigin&gt;&lt;MScale&gt;10000&lt;/MScale&gt;&lt;XYTolerance&gt;0.001&lt;/XYTolerance&gt;&lt;ZTolerance&gt;0.001&lt;/ZTolerance&gt;&lt;MTolerance&gt;0.001&lt;/MTolerance&gt;&lt;HighPrecision&gt;true&lt;/HighPrecision&gt;&lt;WKID&gt;102003&lt;/WKID&gt;&lt;LatestWKID&gt;102003&lt;/LatestWKID&gt;&lt;/ProjectedCoordinateSystem&gt;</peXml><projcsn Sync="TRUE">USA_Contiguous_Albers_Equal_Area_Conic</projcsn></coordRef><lineage><Process ToolSource="c:\program files\arcgis\pro\Resources\ArcToolbox\toolboxes\Analysis Tools.tbx\Clip" Date="20251020" Time="125344">Clip US_county_2020 US_county_2020 "C:\GEO_VIZ\Project 1\TigerLine\TigerLine_AZ\TigerLine_AZ.gdb\US_county_2020_AZ" #</Process><Process ToolSource="c:\program files\arcgis\pro\Resources\ArcToolbox\toolboxes\Data Management Tools.tbx\CopyFeatures" Date="20251020" Time="145250">CopyFeatures AZ_county_2020 "C:\GEO_VIZ\Project 1\Data\AZ_county_2020\AZ_county_2020.shp" # # # #</Process></lineage></DataProperties><SyncDate>20251020</SyncDate><SyncTime>14525000</SyncTime><ModDate>20251020</ModDate><ModTime>14525000</ModTime><CreaDate>20171128</CreaDate><CreaTime>13145200</CreaTime><ArcGISFormat>1.0</ArcGISFormat><ArcGISstyle>FGDC CSDGM Metadata</ArcGISstyle><SyncOnce>FALSE</SyncOnce><scaleRange><minScale>150000000</minScale><maxScale>5000</maxScale></scaleRange><ArcGISProfile>FGDC</ArcGISProfile></Esri><distInfo><distFormat><formatName Sync="TRUE">Shapefile</formatName></distFormat><distTranOps><transSize Sync="TRUE">0.000</transSize></distTranOps></distInfo><mdHrLv><ScopeCd Sync="TRUE" value="005"/></mdHrLv><mdHrLvName Sync="TRUE">dataset</mdHrLvName><refSysInfo><RefSystem><refSysID><identCode Sync="TRUE" code="102003"/><idCodeSpace Sync="TRUE">Esri</idCodeSpace><idVersion Sync="TRUE">4.0.0</idVersion></refSysID></RefSystem></refSysInfo><spatRepInfo><VectSpatRep><geometObjs Name="AZ_county_2020"><geoObjTyp><GeoObjTypCd value="002" Sync="TRUE"></GeoObjTypCd></geoObjTyp><geoObjCnt Sync="TRUE">0</geoObjCnt></geometObjs><topLvl><TopoLevCd value="001" Sync="TRUE"></TopoLevCd></topLvl></VectSpatRep></spatRepInfo><mdDateSt Sync="TRUE">20251020</mdDateSt><dqInfo><dataLineage><statement>NHGIS implements the following operations to derive its shapefiles from the TIGER/Line source: (1) merge files that are available only for individual states or counties to produce new nationwide or statewide files, (2) project the data into Esri's USA Contiguous Albers Equal Area Conic Projected Coordinate System, (3) add a GISJOIN attribute field, which supplies standard identifiers that correspond to the GISJOIN identifiers in NHGIS data tables, (4) erase coastal water areas to produce polygons that terminate at the U.S. coasts and Great Lakes shores, (5) rename files to use the NHGIS naming style and geographic-level codes, and (6) add NHGIS-specific metadata.</statement></dataLineage></dqInfo></metadata>
