GISJOIN,YEAR,STATE,STATEA,COUNTY,COUNTYA,AREANAME,STATEICP,COUNTYICP,AE7001
"G0400010","1950","Arizona","040","Apache","0010","Apache","61","10",4
"G0400030","1950","Arizona","040","Cochise","0030","Cochise","61","30",12
"G0400050","1950","Arizona","040","Coconino","0050","Coconino","61","50",6
"G0400070","1950","Arizona","040","Gila","0070","Gila","61","70",12
"G0400090","1950","Arizona","040","Graham","0090","Graham","61","90",12
"G0400110","1950","Arizona","040","Greenlee","0110","Greenlee","61","110",10
"G0400130","1950","Arizona","040","Maricopa","0130","Maricopa","61","130",84
"G0400150","1950","Arizona","040","Mohave","0150","Mohave","61","150",4
"G0400170","1950","Arizona","040","Navajo","0170","Navajo","61","170",5
"G0400190","1950","Arizona","040","Pima","0190","Pima","61","190",29
"G0400210","1950","Arizona","040","Pinal","0210","Pinal","61","210",33
"G0400230","1950","Arizona","040","Santa Cruz","0230","Santa Cruz","61","230",30
"G0400250","1950","Arizona","040","Yavapai","0250","Yavapai","61","250",8
"G0400270","1950","Arizona","040","Yuma","0270","Yuma","61","270",119
