GISJOIN,YEAR,STATE,STATEA,COUNTY,COUNTYA,AREANAME,STATEICP,COUNTYICP,AE7001
"G0400010","1959","Arizona","040","Apache","0010","Apache","61","10",14
"G0400030","1959","Arizona","040","Cochise","0030","Cochise","61","30",52
"G0400050","1959","Arizona","040","Coconino","0050","Coconino","61","50",25
"G0400070","1959","Arizona","040","Gila","0070","Gila","61","70",29
"G0400090","1959","Arizona","040","Graham","0090","Graham","61","90",39
"G0400110","1959","Arizona","040","Greenlee","0110","Greenlee","61","110",47
"G0400130","1959","Arizona","040","Maricopa","0130","Maricopa","61","130",426
"G0400150","1959","Arizona","040","Mohave","0150","Mohave","61","150",24
"G0400170","1959","Arizona","040","Navajo","0170","Navajo","61","170",11
"G0400190","1959","Arizona","040","Pima","0190","Pima","61","190",112
"G0400210","1959","Arizona","040","Pinal","0210","Pinal","61","210",75
"G0400230","1959","Arizona","040","Santa Cruz","0230","Santa Cruz","61","230",78
"G0400250","1959","Arizona","040","Yavapai","0250","Yavapai","61","250",25
"G0400270","1959","Arizona","040","Yuma","0270","Yuma","61","270",275
