GISJOIN,YEAR,STATE,STATEA,COUNTY,COUNTYA,AREANAME,STATEICP,COUNTYICP,AE7001
G0450015,1900,Arizona,45,Apache,15,Apache,61,10,9
G0450035,1900,Arizona,45,Cochise,35,Cochise,61,30,10
G0450055,1900,Arizona,45,Coconino,55,Coconino,61,50,4
G0450075,1900,Arizona,45,Gila,75,Gila,61,70,8
G0450095,1900,Arizona,45,Graham,95,Graham,61,90,9
G0450135,1900,Arizona,45,Maricopa,135,Maricopa,61,130,35
G0450155,1900,Arizona,45,Mohave,155,Mohave,61,150,24
G0450175,1900,Arizona,45,Navajo,175,Navajo,61,170,1
G0450195,1900,Arizona,45,Pima,195,Pima,61,190,10
G0450215,1900,Arizona,45,Pinal,215,Pinal,61,210,12
G0450235,1900,Arizona,45,Santa Cruz,235,Santa Cruz,61,230,9
G0450255,1900,Arizona,45,Yavapai,255,Yavapai,61,250,13
G0450275,1900,Arizona,45,Yuma,275,Yuma,61,270,12
