CENSUS YEAR,YEAR,PERIOD,GEO LEVEL,STATE,COUNTY,STATE ANSI,COMMODITY,DATA ITEM,NUMBER OF FARMS REPORTING,ACRES IN FARMS,AVG SIZE PER FARM,VALUE_PER_ACRE
2022,2020,YEAR,STATE,ARIZONA,Apache,4,AG LAND,"AG LAND- ASSET VALUE, MEASURED IN $ / ACRE",5343,5534505,1036,329
2022,2020,YEAR,STATE,ARIZONA,Cochise,4,AG LAND,"AG LAND- ASSET VALUE, MEASURED IN $ / ACRE",1002,1035831,1034,2695
2022,2020,YEAR,STATE,ARIZONA,Coconino,4,AG LAND,"AG LAND- ASSET VALUE, MEASURED IN $ / ACRE",2057,5513546,2680,344
2022,2020,YEAR,STATE,ARIZONA,Gila,4,AG LAND,"AG LAND- ASSET VALUE, MEASURED IN $ / ACRE",191,1328043,6953,356
2022,2020,YEAR,STATE,ARIZONA,Graham,4,AG LAND,"AG LAND- ASSET VALUE, MEASURED IN $ / ACRE",356,1215892,3387,736
2022,2020,YEAR,STATE,ARIZONA,Greenlee,4,AG LAND,"AG LAND- ASSET VALUE, MEASURED IN $ / ACRE",95,23269,245,5515
2022,2020,YEAR,STATE,ARIZONA,La Paz,4,AG LAND,"AG LAND- ASSET VALUE, MEASURED IN $ / ACRE",107,235666,2202,2604
2022,2020,YEAR,STATE,ARIZONA,Maricopa,4,AG LAND,"AG LAND- ASSET VALUE, MEASURED IN $ / ACRE",1527,502029,329,7203
2022,2020,YEAR,STATE,ARIZONA,Mohave,4,AG LAND,"AG LAND- ASSET VALUE, MEASURED IN $ / ACRE",274,753799,2751,1045
2022,2020,YEAR,STATE,ARIZONA,Navajo,4,AG LAND,"AG LAND- ASSET VALUE, MEASURED IN $ / ACRE",3269,4637488,1419,325
2022,2020,YEAR,STATE,ARIZONA,Pima,4,AG LAND,"AG LAND- ASSET VALUE, MEASURED IN $ / ACRE",478,2275756,4761,504
2022,2020,YEAR,STATE,ARIZONA,Pinal,4,AG LAND,"AG LAND- ASSET VALUE, MEASURED IN $ / ACRE",718,1476279,2056,2148
2022,2020,YEAR,STATE,ARIZONA,Santa Cruz,4,AG LAND,"AG LAND- ASSET VALUE, MEASURED IN $ / ACRE",166,119188,718,2575
2022,2020,YEAR,STATE,ARIZONA,Yavapai,4,AG LAND,"AG LAND- ASSET VALUE, MEASURED IN $ / ACRE",727,661643,910,2325
2022,2020,YEAR,STATE,ARIZONA,Yuma,4,AG LAND,"AG LAND- ASSET VALUE, MEASURED IN $ / ACRE",397,212153,534,8662
2002,2000,YEAR,STATE,ARIZONA,Apache,4,AG LAND,"AG LAND- ASSET VALUE, MEASURED IN $ / ACRE",363,15927,,145
2002,2000,YEAR,STATE,ARIZONA,Cochise,4,AG LAND,"AG LAND- ASSET VALUE, MEASURED IN $ / ACRE",950,969253,1020,294
2002,2000,YEAR,STATE,ARIZONA,Coconino,4,AG LAND,"AG LAND- ASSET VALUE, MEASURED IN $ / ACRE",213,6209424,31203,631
2002,2000,YEAR,STATE,ARIZONA,Gila,4,AG LAND,"AG LAND- ASSET VALUE, MEASURED IN $ / ACRE",164,7005,,275
2002,2000,YEAR,STATE,ARIZONA,Graham,4,AG LAND,"AG LAND- ASSET VALUE, MEASURED IN $ / ACRE",277,1244760,4430,480
2002,2000,YEAR,STATE,ARIZONA,Greenlee,4,AG LAND,"AG LAND- ASSET VALUE, MEASURED IN $ / ACRE",124,27376,221,1505
2002,2000,YEAR,STATE,ARIZONA,La Paz,4,AG LAND,"AG LAND- ASSET VALUE, MEASURED IN $ / ACRE",101,278854,2875,629
2002,2000,YEAR,STATE,ARIZONA,Maricopa,4,AG LAND,"AG LAND- ASSET VALUE, MEASURED IN $ / ACRE",2110,627254,297,3026
2002,2000,YEAR,STATE,ARIZONA,Mohave,4,AG LAND,"AG LAND- ASSET VALUE, MEASURED IN $ / ACRE",239,792992,3318,435
2002,2000,YEAR,STATE,ARIZONA,Navajo,4,AG LAND,"AG LAND- ASSET VALUE, MEASURED IN $ / ACRE",291,4595062,15791,179
2002,2000,YEAR,STATE,ARIZONA,Pima,4,AG LAND,"AG LAND- ASSET VALUE, MEASURED IN $ / ACRE",517,2913607,6954,295
2002,2000,YEAR,STATE,ARIZONA,Pinal,4,AG LAND,"AG LAND- ASSET VALUE, MEASURED IN $ / ACRE",687,1161563,1591,1230
2002,2000,YEAR,STATE,ARIZONA,Santa Cruz,4,AG LAND,"AG LAND- ASSET VALUE, MEASURED IN $ / ACRE",152,132843,874,1434
2002,2000,YEAR,STATE,ARIZONA,Yavapai,4,AG LAND,"AG LAND- ASSET VALUE, MEASURED IN $ / ACRE",575,720362,1253,621
2002,2000,YEAR,STATE,ARIZONA,Yuma,4,AG LAND,"AG LAND- ASSET VALUE, MEASURED IN $ / ACRE",531,231125,435,4544
1982,1980,YEAR,STATE,ARIZONA,Apache,4,AG LAND,"AG LAND- ASSET VALUE, MEASURED IN $ / ACRE",296,6231914,21054,124
1982,1980,YEAR,STATE,ARIZONA,Cochise,4,AG LAND,"AG LAND- ASSET VALUE, MEASURED IN $ / ACRE",785,2071868,2639,311
1982,1980,YEAR,STATE,ARIZONA,Coconino,4,AG LAND,"AG LAND- ASSET VALUE, MEASURED IN $ / ACRE",232,5934411,25579,154
1982,1980,YEAR,STATE,ARIZONA,Gila,4,AG LAND,"AG LAND- ASSET VALUE, MEASURED IN $ / ACRE",163,1151510,7064,233
1982,1980,YEAR,STATE,ARIZONA,Graham,4,AG LAND,"AG LAND- ASSET VALUE, MEASURED IN $ / ACRE",308,1927687,6259,232
1982,1980,YEAR,STATE,ARIZONA,Greenlee,4,AG LAND,"AG LAND- ASSET VALUE, MEASURED IN $ / ACRE",121,141595,1170,276
1982,1980,YEAR,STATE,ARIZONA,La Paz,4,AG LAND,"AG LAND- ASSET VALUE, MEASURED IN $ / ACRE",,,,
1982,1980,YEAR,STATE,ARIZONA,Maricopa,4,AG LAND,"AG LAND- ASSET VALUE, MEASURED IN $ / ACRE",2403,1429539,595,1759
1982,1980,YEAR,STATE,ARIZONA,Mohave,4,AG LAND,"AG LAND- ASSET VALUE, MEASURED IN $ / ACRE",223,2270298,10181,105
1982,1980,YEAR,STATE,ARIZONA,Navajo,4,AG LAND,"AG LAND- ASSET VALUE, MEASURED IN $ / ACRE",331,7313958,22097,169
1982,1980,YEAR,STATE,ARIZONA,Pima,4,AG LAND,"AG LAND- ASSET VALUE, MEASURED IN $ / ACRE",539,3476555,6450,217
1982,1980,YEAR,STATE,ARIZONA,Pinal,4,AG LAND,"AG LAND- ASSET VALUE, MEASURED IN $ / ACRE",605,2403901,3973,522
1982,1980,YEAR,STATE,ARIZONA,Santa Cruz,4,AG LAND,"AG LAND- ASSET VALUE, MEASURED IN $ / ACRE",133,379985,2857,336
1982,1980,YEAR,STATE,ARIZONA,Yavapai,4,AG LAND,"AG LAND- ASSET VALUE, MEASURED IN $ / ACRE",474,2508888,5293,154
1982,1980,YEAR,STATE,ARIZONA,Yuma,4,AG LAND,"AG LAND- ASSET VALUE, MEASURED IN $ / ACRE",721,510425,708,2514
1969,1970,YEAR,STATE,ARIZONA,Apache,4,AG LAND,"AG LAND- ASSET VALUE, MEASURED IN $ / ACRE",237,6236310,26314,23
1969,1970,YEAR,STATE,ARIZONA,Cochise,4,AG LAND,"AG LAND- ASSET VALUE, MEASURED IN $ / ACRE",713,21051162,2953,55
1969,1970,YEAR,STATE,ARIZONA,Coconino,4,AG LAND,"AG LAND- ASSET VALUE, MEASURED IN $ / ACRE",169,6661730,39419,22
1969,1970,YEAR,STATE,ARIZONA,Gila,4,AG LAND,"AG LAND- ASSET VALUE, MEASURED IN $ / ACRE",123,1221940,9934,103
1969,1970,YEAR,STATE,ARIZONA,Graham,4,AG LAND,"AG LAND- ASSET VALUE, MEASURED IN $ / ACRE",276,2084654,7553,59
1969,1970,YEAR,STATE,ARIZONA,Greenlee,4,AG LAND,"AG LAND- ASSET VALUE, MEASURED IN $ / ACRE",109,173075,1588,49
1969,1970,YEAR,STATE,ARIZONA,La Paz,4,AG LAND,"AG LAND- ASSET VALUE, MEASURED IN $ / ACRE",,,,
1969,1970,YEAR,STATE,ARIZONA,Maricopa,4,AG LAND,"AG LAND- ASSET VALUE, MEASURED IN $ / ACRE",1888,1898555,1006,407
1969,1970,YEAR,STATE,ARIZONA,Mohave,4,AG LAND,"AG LAND- ASSET VALUE, MEASURED IN $ / ACRE",163,2139381,13125,226
1969,1970,YEAR,STATE,ARIZONA,Navajo,4,AG LAND,"AG LAND- ASSET VALUE, MEASURED IN $ / ACRE",218,6476197,29707,30
1969,1970,YEAR,STATE,ARIZONA,Pima,4,AG LAND,"AG LAND- ASSET VALUE, MEASURED IN $ / ACRE",343,3726725,10865,81
1969,1970,YEAR,STATE,ARIZONA,Pinal,4,AG LAND,"AG LAND- ASSET VALUE, MEASURED IN $ / ACRE",494,2373490,4805,221
1969,1970,YEAR,STATE,ARIZONA,Santa Cruz,4,AG LAND,"AG LAND- ASSET VALUE, MEASURED IN $ / ACRE",126,284005,2254,122
1969,1970,YEAR,STATE,ARIZONA,Yavapai,4,AG LAND,"AG LAND- ASSET VALUE, MEASURED IN $ / ACRE",373,2314393,6205,40
1969,1970,YEAR,STATE,ARIZONA,Yuma,4,AG LAND,"AG LAND- ASSET VALUE, MEASURED IN $ / ACRE",658,506750,770,664
