GISJOIN,STATE,STATEFP,STATENH,COUNTY,COUNTYFP,COUNTYNH,A00AA1900,A00AA1920,A00AA1950,A00AA1970,A00AA1980,A00AA2000,A00AA2020
G0450015,Arizona,,45,Apache County,,15,8297,,,,,,
G0450035,Arizona,,45,Cochise County,,35,9251,,,,,,
G0450055,Arizona,,45,Coconino County,,55,5514,,,,,,
G0450075,Arizona,,45,Gila County,,75,4973,,,,,,
G0450095,Arizona,,45,Graham County,,95,14162,,,,,,
G0450135,Arizona,,45,Maricopa County,,135,20457,,,,,,
G0450155,Arizona,,45,Mohave County,,155,3426,,,,,,
G0450175,Arizona,,45,Navajo County,,175,8829,,,,,,
G0450195,Arizona,,45,Pima County,,195,14689,,,,,,
G0450215,Arizona,,45,Pinal County,,215,7779,,,,,,
G0459155,Arizona,,45,San Carlos Indian Reservation,,9155,3065,,,,,,
G0450235,Arizona,,45,Santa Cruz County,,235,4545,,,,,,
G0450255,Arizona,,45,Yavapai County,,255,13799,,,,,,
G0450275,Arizona,,45,Yuma County,,275,4145,,,,,,
